Date,Revenue,COGS,Revenue_p10,Revenue_p90,Revenue_p05,Revenue_p95,COGS_p10,COGS_p90,COGS_p05,COGS_p95
2023-01-01,3388087.77,3058460.37,2241470.4,5121253.79,1866468.4,6150191.86,2026967.13,4614865.09,1593103.16,5871672.4
2023-01-02,739254.19,662630.43,488870.66,1117875.96,407007.72,1342718.4,438973.0,1000241.66,344930.13,1272950.82
2023-01-03,1036618.67,925820.78,685237.36,1568184.01,570388.48,1883941.04,613078.3,1398098.93,481620.96,1779706.81
2023-01-04,1183250.69,1054824.08,781844.88,1790741.65,650685.83,2151702.27,698218.97,1593560.03,548374.44,2029003.81
2023-01-05,1169707.6,1042944.02,772579.12,1770971.84,642857.58,2128334.37,690073.25,1576256.2,541847.26,2007451.77
2023-01-06,1395923.82,1245230.07,921614.29,2114337.12,766729.26,2541448.99,823581.11,1882750.73,646523.32,2398363.51
2023-01-07,1601785.1,1430001.84,1057093.88,2427140.64,879280.48,2917971.62,945400.78,2163003.54,741976.07,2756025.89
2023-01-08,1894001.02,1690505.99,1249428.31,2871105.0,1039073.48,3452344.74,1117168.45,2558083.78,876574.28,3260203.45
2023-01-09,2344781.28,2094035.18,1546163.08,3555898.7,1285615.96,4276548.71,1383274.94,3170001.29,1085112.32,4041040.96
2023-01-10,1912856.53,1706044.55,1260831.88,2902068.19,1048175.92,3490845.39,1126516.33,2583706.92,883486.26,3294434.95
2023-01-11,1919153.5,1711394.12,1264463.57,2912816.34,1051003.98,3504411.23,1129587.15,2592867.53,885682.74,3306906.33
2023-01-12,1610843.78,1436984.36,1060893.67,2445879.11,881639.3,2943173.81,948078.57,2178009.4,743188.35,2778466.65
2023-01-13,1784008.49,1592059.42,1174457.15,2709921.16,975837.04,3261493.64,1049963.37,2414039.62,822857.88,3080304.92
2023-01-14,1860885.53,1659818.12,1224564.72,2827857.83,1017285.62,3404053.77,1094203.16,2517810.48,857323.59,3213484.65
2023-01-15,2132395.08,1902354.31,1402657.33,3241781.65,1165021.08,3903027.03,1253578.28,2886897.45,981961.34,3685432.19
2023-01-16,2324853.24,2072722.22,1528626.13,3535817.21,1269417.62,4257812.81,1365286.32,3146722.67,1069209.47,4018087.7
2023-01-17,2172066.58,1936628.59,1427580.8,3304802.96,1185290.98,3980350.25,1275121.47,2941312.16,998359.0,3756694.99
2023-01-18,2184792.45,1946926.4,1435355.82,3325529.44,1191529.76,4006041.78,1281378.22,2958160.45,1003017.82,3779117.73
2023-01-19,1921326.01,1713578.06,1261746.99,2925700.38,1047221.72,3525035.43,1127338.36,2604674.75,882229.78,3328327.62
2023-01-20,1833144.85,1633962.55,1203344.07,2792567.91,998567.04,3365242.32,1074521.42,2484672.3,840695.32,3175744.57
2023-01-21,2075673.87,1849336.44,1361990.21,3163328.2,1130010.36,3812727.88,1215658.23,2813327.97,950891.95,3596670.76
2023-01-22,2275217.99,2029507.21,1492312.25,3468856.4,1237910.33,4181738.19,1333548.3,3088676.68,1042856.49,3949632.13
2023-01-23,2442663.41,2177453.02,1601482.3,3725676.22,1328228.11,4492153.48,1430176.14,3315187.22,1118153.57,4240295.58
2023-01-24,2611374.61,2329006.52,1711392.09,3984637.66,1419126.41,4805264.21,1529093.44,3547377.3,1195204.11,4538364.07
2023-01-25,2443653.72,2179193.98,1600817.53,3730246.2,1327194.08,4499299.39,1430150.69,3320549.7,1117598.92,4249186.65
2023-01-26,2479146.05,2210326.45,1623402.11,3785978.28,1345673.66,4567351.9,1449989.68,3369363.97,1132831.23,4312683.89
2023-01-27,2897858.7,2582651.08,1896806.48,4427222.89,1572018.71,5341911.67,1693545.29,3938534.54,1322797.11,5042410.92
2023-01-28,3552408.64,3166632.77,2324291.33,5429442.94,1925955.67,6552387.13,2075636.82,4831077.86,1620854.06,6186592.18
2023-01-29,4315027.24,3848864.04,2822103.98,6597722.9,2338028.37,7963744.28,2521789.43,5874302.67,1968781.38,7524326.74
2023-01-30,4998253.94,4459284.41,3267605.46,7645519.86,2706620.82,9230159.7,2920545.72,6808733.52,2279548.34,8723314.69
2023-01-31,4196265.72,3743725.77,2742180.91,6421402.02,2270988.57,7753736.07,2450899.2,5718506.34,1912521.7,7328273.77
2023-02-01,3650834.08,3257302.9,2384772.98,5589039.12,1974635.45,6749898.81,2131582.53,4977532.89,1662950.03,6380241.13
2023-02-02,2016707.71,1799119.05,1316799.74,3088632.15,1090135.95,3730828.28,1176864.59,2750383.84,917909.08,3526307.15
2023-02-03,1492488.6,1332071.04,974113.63,2286717.02,806290.58,2762679.2,870996.81,2037221.3,679181.52,2612575.89
2023-02-04,1586865.73,1416097.33,1035286.63,2432314.66,856768.74,2939116.16,925560.61,2166612.97,721556.41,2779175.16
2023-02-05,1844238.02,1645518.24,1202705.29,2827969.51,995137.9,3417831.71,1075070.76,2518653.07,837912.36,3231519.69
2023-02-06,1966847.84,1754088.81,1282138.2,3017217.99,1060669.12,3647216.98,1145535.4,2685929.7,892619.11,3446965.8
2023-02-07,2181676.94,1945872.73,1421596.49,3348147.18,1175824.4,4047980.5,1270263.89,2980814.22,989572.79,3826318.5
2023-02-08,2449587.61,2186164.38,1595514.3,3760843.41,1319434.61,4547765.7,1426543.18,3350276.93,1111053.16,4301607.6
2023-02-09,2153921.96,1921643.15,1402360.0,3308265.94,1159491.92,4001217.91,1253422.35,2946103.83,975985.74,3783572.04
2023-02-10,2200400.62,1963315.54,1432033.36,3381040.57,1183811.04,4089979.51,1280080.79,3011222.34,996505.15,3868126.42
2023-02-11,2622490.22,2339213.83,1706031.64,4031258.75,1410059.28,4877422.58,1524543.39,3589219.83,1186528.23,4611707.67
2023-02-12,2970442.08,2650700.84,1931595.19,4567999.63,1596200.51,5527830.65,1726844.24,4068818.01,1343654.4,5229183.13
2023-02-13,2956040.14,2638995.12,1921441.56,4547717.44,1587521.26,5504287.41,1718516.17,4052504.91,1336854.55,5209463.65
2023-02-14,3005139.63,2683179.5,1952555.27,4625151.65,1612934.55,5599027.06,1746575.44,4122039.08,1358357.27,5300116.83
2023-02-15,3339126.37,2978602.1,2168669.45,5141292.95,1791132.91,6224979.12,1938084.46,4577752.25,1506938.35,5887480.72
2023-02-16,3014100.51,2690636.41,1956771.25,4642751.08,1615829.58,5622376.28,1749999.03,4136873.31,1360368.98,5321735.79
2023-02-17,2968320.17,2648837.22,1926259.97,4574109.82,1590345.31,5540258.84,1722109.05,4074270.79,1338368.43,5242456.74
2023-02-18,2977643.84,2659340.38,1931517.88,4590360.23,1594396.4,5560952.64,1728231.41,4092097.41,1342805.32,5266654.19
2023-02-19,3453599.22,3080309.77,2239338.49,5326281.69,1848154.86,6453651.63,2000990.12,4741806.68,1554362.21,6104309.7
2023-02-20,3780567.96,3372701.39,2450341.88,5832938.76,2021931.02,7068833.69,2190034.86,5194033.59,1700804.66,6688078.26
2023-02-21,3621121.66,3230900.62,2346035.48,5589225.84,1935509.33,6774713.98,2097100.88,4977690.36,1628241.64,6411037.91
2023-02-22,4000738.14,3570075.41,2590916.46,6177700.4,2137150.69,7489366.94,2316304.75,5502487.71,1798006.9,7088648.22
2023-02-23,3976474.32,3549125.43,2574146.7,6142753.29,2122931.91,7448353.82,2301771.68,5472433.02,1786298.46,7051616.31
2023-02-24,3893393.08,3475641.68,2519330.75,6016879.54,2077346.78,7297053.04,2253193.43,5361317.38,1748180.94,6910088.54
2023-02-25,4441749.21,3966783.0,2872981.26,6867130.07,2368523.24,8329720.3,2570540.85,6121422.82,1993923.71,7891659.68
2023-02-26,5290381.68,4722810.14,3420484.22,8182507.65,2819379.17,9927057.21,3059208.93,7291079.53,2372407.51,9401814.57
2023-02-27,6003456.45,5360541.48,3879928.98,9289213.68,3197501.17,11271767.37,3470882.39,8278991.27,2691015.36,10678276.1
2023-02-28,5039563.33,4496700.57,3255645.77,7800971.12,2682533.29,9467617.29,2910367.24,6947685.43,2255901.82,8963296.12
2023-03-01,4178466.1,3735088.01,2698254.72,6470693.37,2222859.24,7854558.95,2416446.86,5773304.06,1872603.26,7449993.67
2023-03-02,2000795.12,1787720.21,1291488.39,3099664.8,1063752.43,3763263.9,1156108.37,2764397.91,895701.28,3568090.86
2023-03-03,1130257.03,1009681.89,729267.62,1751731.35,600562.25,2127141.62,652688.78,1561935.11,505553.27,2016518.5
2023-03-04,1813501.53,1618494.38,1169632.6,2811812.69,963033.97,3415027.85,1045816.19,2504765.25,809864.31,3234522.15
2023-03-05,2221664.14,1983493.01,1432292.67,3446077.5,1179084.55,4186121.81,1281142.46,3070887.62,991860.17,3966531.43
2023-03-06,3113558.6,2779482.62,2006467.99,4831498.55,1651453.89,5870128.87,1794540.65,4305014.57,1389000.65,5561929.47
2023-03-07,3384399.01,3020244.49,2180110.84,5253933.16,1794047.07,6384535.18,1949189.32,4679831.08,1508340.17,6047625.71
2023-03-08,3968230.69,3542900.16,2555146.2,6162799.95,2102287.23,7490344.13,2285564.19,5491922.57,1768213.98,7098768.42
2023-03-09,4015409.07,3584295.89,2584463.86,6238628.55,2126022.23,7583885.88,2311324.64,5558361.13,1787715.76,7186364.45
2023-03-10,3486948.11,3112616.41,2243406.52,5419796.63,1845127.39,6589684.34,2006343.47,4828874.54,1551454.09,6244710.02
2023-03-11,3863347.13,3448275.14,2484551.77,6007301.29,2043089.87,7305332.61,2221795.98,5351797.16,1717647.12,6922610.15
2023-03-12,4388916.83,3917860.43,2821392.42,6827334.9,2319657.98,8304065.12,2523328.61,6083088.14,1950292.3,7870425.53
2023-03-13,4557987.02,4070917.74,2928876.46,7093247.5,2407590.13,8629062.47,2620835.51,6323316.06,2025171.39,8183194.45
2023-03-14,5019728.05,4480860.28,3224259.48,7815025.4,2649918.55,9508846.86,2883576.15,6962919.57,2227663.4,9013080.2
2023-03-15,5468977.57,4881386.29,3511379.45,8517938.91,2885368.89,10365993.69,3140044.38,7588406.17,2425213.93,9825084.64
2023-03-16,5292380.4,4725557.05,3396600.74,8246271.06,2790545.58,10037209.4,3038562.72,7349161.92,2346273.29,9517599.45
2023-03-17,4581485.82,4092520.07,2939149.11,7141526.88,2414278.02,8694115.65,2630441.2,6367266.66,2030650.18,8247959.54
2023-03-18,4814654.47,4300799.31,3087466.28,7508065.06,2535647.77,9142002.28,2763182.33,6694047.83,2132613.65,8673336.0
2023-03-19,4709980.4,4213450.01,3019103.65,7347848.21,2479052.73,8948545.16,2705956.41,6560771.22,2087947.45,8502685.77
2023-03-20,4969702.57,4448497.82,3184279.25,7756211.6,2614206.74,9447586.25,2855741.67,6929594.86,2202996.51,8982825.34
2023-03-21,5184477.66,4646133.19,3320531.33,8094731.23,2725570.41,9861718.69,2981396.79,7240416.21,2299380.23,9387987.84
2023-03-22,5955644.77,5345030.96,3812880.43,9302600.83,3129133.2,11335313.14,3428474.58,8332964.19,2643553.31,10807179.82
2023-03-23,5665375.31,5085551.3,3625558.45,8852836.84,2974861.94,10789232.6,3260703.69,7931671.98,2513590.91,10289197.01
2023-03-24,5090227.33,4569039.08,3256156.19,7957362.22,2671272.38,9699652.67,2928334.96,7129006.19,2256836.71,9250167.68
2023-03-25,4891146.92,4389491.53,3127523.52,7649284.81,2565278.79,9325816.1,2812112.44,6851659.14,2166746.94,8892425.57
2023-03-26,5322870.39,4775250.34,3402182.4,8327874.83,2790054.06,10154982.14,3057997.99,7456844.59,2355639.52,9680180.53
2023-03-27,5915910.99,5309065.2,3779681.09,9259512.09,3099068.85,11293070.45,3398456.36,8293816.48,2617275.6,10769279.83
2023-03-28,6157669.07,5524641.43,3932526.87,9641863.78,3223805.29,11761531.75,3535007.33,8634115.87,2721787.43,11213830.54
2023-03-29,7324976.36,6573581.04,4676095.87,11474375.24,3832671.1,13999447.69,4204465.86,10277635.52,3236464.44,13351596.65
2023-03-30,11322658.43,10163034.61,7225159.04,17743913.09,5920884.62,21652608.08,6497627.34,15896152.1,5000471.22,20655507.85
2023-03-31,10293031.91,9240961.29,6565444.73,16136988.48,5379282.79,19695284.65,5905696.6,14459829.44,4543843.75,18793640.43
2023-04-01,10362398.23,9306034.52,6606979.12,16252404.5,5412329.17,19839757.31,5944854.45,14567602.83,4572877.91,18938244.16
2023-04-02,9280490.83,8332580.69,5914736.85,14561511.73,4844374.78,17778870.1,5320821.38,13049094.48,4091882.8,16968203.73
2023-04-03,7709181.54,6919685.35,4911278.7,12101019.64,4021776.46,14777420.03,4416803.57,10840881.79,3395851.69,14100158.01
2023-04-04,3069140.5,2753162.5,1954451.52,4819573.83,1600181.67,5886596.24,1756613.31,4315066.78,1350246.07,5613720.26
2023-04-05,3690337.28,3312358.28,2349070.32,5797437.86,1922921.02,7082240.55,2112536.47,5193622.7,1623443.19,6758300.82
2023-04-06,3489039.34,3131517.16,2220023.89,5483452.46,1816954.78,6699889.09,1996384.97,4912078.52,1533816.11,6393465.1
2023-04-07,3143445.37,2820896.7,1999307.19,4942336.46,1636014.08,6039831.16,1797625.68,4426649.16,1380779.7,5763017.99
2023-04-08,3673391.76,3296578.75,2335407.57,5777923.84,1910694.41,7062252.86,2099897.62,5175219.66,1612572.96,6739187.46
2023-04-09,4092271.88,3671678.87,2600648.99,6439426.92,2127312.69,7872227.37,2337878.53,5766435.49,1794896.12,7510866.83
2023-04-10,4367092.84,3917947.92,2774160.03,6874693.47,2268830.97,8405870.76,2493667.22,6155719.49,1914044.35,8019832.93
2023-04-11,4599065.34,4128483.58,2920320.33,7242836.28,2387933.14,8857619.04,2626594.22,6489154.85,2015591.92,8456263.62
2023-04-12,5313862.14,4768917.97,3372818.87,8371967.73,2757437.84,10240350.81,3032807.61,7498853.04,2326754.76,9774377.18
2023-04-13,4932219.72,4427737.85,3129298.4,7773880.36,2557883.32,9510516.46,2814683.04,6965211.43,2158894.25,9080973.98
2023-04-14,5048731.58,4527838.08,3201906.68,7960784.98,2616757.41,9740945.24,2877140.49,7125587.97,2206272.06,9292289.0
2023-04-15,4926832.14,4413026.71,3123316.38,7771763.07,2552065.47,9511384.09,2803040.18,6947743.69,2148935.81,9062534.39
2023-04-16,5295939.48,4739032.45,3355931.23,8357434.35,2741636.82,10230011.02,3008881.16,7464046.39,2306191.04,9738320.95
2023-04-17,5228081.54,4673402.78,3311572.12,8253734.37,2704905.71,10104912.9,2966000.03,7363686.22,2272780.64,9609679.51
2023-04-18,5396584.27,4816254.9,3416903.03,8523250.9,2790433.05,10436774.97,3055413.46,7591873.09,2340736.25,9909835.49
2023-04-19,5976770.83,5333729.31,3782701.92,9443458.75,3088603.17,11565677.92,3382315.23,8411004.42,2590554.3,10981691.58
2023-04-20,5652546.24,5043805.44,3576032.57,8934840.04,2919325.36,10944747.53,3197157.42,7957059.94,2448154.18,10391491.49
2023-04-21,5132795.0,4580249.23,3245884.68,8116611.36,2649324.54,9944264.74,2902133.54,7228710.44,2221714.55,9442564.53
2023-04-22,5610384.79,5008152.89,3546448.37,8875476.04,2894121.48,10875983.53,3171965.43,7907272.6,2427702.34,10331412.92
2023-04-23,5830318.04,5203202.07,3683961.34,9227189.24,3005794.05,11309027.82,3294155.88,8218588.56,2520619.32,10740738.01
2023-04-24,6084805.15,5430690.73,3843185.25,9633897.73,3135136.94,11809644.82,3436775.08,8581417.52,2629119.65,11217595.93
2023-04-25,6232963.7,5562120.98,3935147.97,9872522.41,3209573.34,12104361.69,3518512.15,8792690.9,2691004.48,11496521.11
2023-04-26,6842486.5,6106583.77,4318194.94,10842405.71,3521352.65,13295919.52,3861353.21,9657330.82,2952507.57,12630066.0
2023-04-27,6694132.7,5974431.76,4222838.17,10611681.26,3442966.16,13015350.85,3776247.06,9452197.96,2886742.29,12364745.88
2023-04-28,6901312.39,6157447.16,4351746.93,10944596.12,3547423.09,13426115.62,3890335.67,9745728.58,2973245.79,12751773.03
2023-04-29,8617700.08,7694128.54,5431817.21,13672174.83,4427061.39,16775180.67,4859240.61,12182894.12,3712857.37,15944489.09
2023-04-30,9330588.48,8329703.49,5878745.15,14809262.75,4790447.34,18173643.35,5258490.52,13194653.47,4016956.07,17272770.5
2023-05-01,8204350.97,7315755.73,5167037.98,13027071.82,4209728.92,15989479.62,4616505.27,11593246.15,3525700.73,15180041.06
2023-05-02,6747641.48,6014752.72,4247870.29,10718468.87,3460228.4,13158283.29,3793975.32,9535446.91,2896828.18,12488573.02
2023-05-03,6158810.27,5491937.21,3875590.65,9787138.9,3156403.08,12017142.0,3462779.78,8710162.4,2643316.9,11410426.9
2023-05-04,3333265.88,2972507.34,2096683.39,5299160.29,1707294.55,6507758.94,1873461.76,4716295.85,1429767.16,6179887.31
2023-05-05,3111447.22,2772918.22,1956352.74,4948547.15,1592736.02,6078285.2,1746954.3,4401417.64,1332901.8,5768673.67
2023-05-06,3282373.48,2926197.65,2062977.76,5222536.03,1679237.89,6415991.28,1842768.27,4646613.92,1405670.26,6091494.51
2023-05-07,3991739.92,3559076.56,2507786.81,6353804.69,2040935.75,7807197.05,2240407.33,5653894.2,1708582.05,7413765.08
2023-05-08,3875877.47,3454561.86,2433998.14,6171913.6,1980523.51,7585078.45,2173728.07,5490106.07,1657334.59,7200717.19
2023-05-09,4288065.99,3823723.37,2691742.35,6831080.97,2189849.6,8396699.91,2405034.39,6079272.92,1833252.97,7975364.41
2023-05-10,4957907.99,4418100.89,3110944.87,7901410.21,2530429.0,9714104.44,2777749.26,7027133.73,2116850.9,9221062.98
2023-05-11,5258033.89,4686635.69,3297911.98,8383158.98,2682019.56,10308247.11,2945379.04,7457292.87,2244060.42,9787862.17
2023-05-12,4866657.26,4337958.29,3051183.06,7762350.65,2480916.72,9546613.39,2725134.57,6905303.78,2075761.4,9065532.33
2023-05-13,4590759.12,4094173.75,2877026.32,7325295.95,2338884.62,9010734.92,2570937.02,6519902.51,1957839.29,8561611.15
2023-05-14,5349206.88,4768337.06,3350970.08,8539024.09,2723682.95,10505633.28,2993055.02,7596598.83,2278748.67,9977861.37
2023-05-15,5444160.83,4854049.4,3409054.37,8694166.76,2770390.38,10698451.52,3045611.7,7736309.8,2318207.91,10163797.45
2023-05-16,5505345.06,4907548.62,3445953.01,8795483.9,2799867.21,10825093.46,3077921.48,7824771.9,2342240.64,10282476.14
2023-05-17,6185930.67,5514320.2,3870362.83,9886860.71,3144132.24,12170524.42,3457064.57,8795822.75,2630132.28,11561291.98
2023-05-18,6138919.33,5473594.96,3839373.69,9815749.54,3118390.85,12085185.05,3430131.37,8734429.82,2609017.41,11483342.96
2023-05-19,5175171.25,4613719.39,3235303.36,8278171.93,2627279.11,10193967.34,2890093.27,7365300.9,2197729.35,9685636.04
2023-05-20,4972877.68,4434459.24,3107562.6,7957848.51,2523086.45,9801294.15,2776667.88,7082024.09,2110971.69,9315344.63
2023-05-21,5288942.61,4715845.17,3303716.63,8467104.51,2681859.82,10430416.13,2951653.63,7534486.92,2243468.57,9912862.59
2023-05-22,5659350.3,5046238.04,3533640.27,9063810.49,2867983.59,11167513.62,3157156.95,8065648.53,2399091.96,10614231.89
2023-05-23,5609865.23,4999890.12,3501305.56,8988243.76,2841223.37,11076421.56,3126881.95,7994833.7,2375518.03,10523557.75
2023-05-24,6457129.6,5756632.88,4028458.68,10349993.85,3268400.89,12756856.96,3598671.01,9208627.86,2733286.24,12124168.19
2023-05-25,6442694.19,5743285.25,4017804.07,10331093.24,3259163.9,12735876.37,3588860.56,9191030.13,2725183.05,12103893.55
2023-05-26,5471152.13,4877530.32,3410529.83,8776790.44,2766052.0,10821743.65,3046623.31,7808744.19,2312884.68,10285987.13
2023-05-27,4813375.26,4292500.91,2999263.41,7724757.13,2432059.17,9526323.08,2680104.72,6874941.83,2034150.63,9058111.97
2023-05-28,5575397.47,4969939.28,3472662.26,8951361.99,2815419.5,11041003.64,3101808.89,7963190.93,2353653.37,10494449.48
2023-05-29,8076941.29,7198072.36,5028696.97,12972939.33,4076214.91,16004303.53,4490583.2,11537976.98,3406640.77,15209189.68
2023-05-30,10556733.38,9411932.87,6569917.53,16962864.32,5324545.78,20930352.39,5869322.14,15092795.77,4451513.17,19899858.08
2023-05-31,11210630.53,9996407.56,6974004.61,18020956.97,5651007.95,22239968.16,6231257.03,16036598.02,4724887.87,21149319.72
2023-06-01,10669208.76,9518409.17,6634469.91,17157665.51,5374907.04,21178415.68,5930873.58,15276014.89,4496044.82,20151069.85
2023-06-02,8877372.58,7919717.29,5517982.11,14281986.1,4469573.23,17632051.14,4932721.11,12715481.08,3738476.46,16777401.86
2023-06-03,7519293.62,6708582.55,4671912.62,12102062.1,3783567.8,14943508.25,4176670.71,10775347.86,3164713.87,14220900.12
2023-06-04,4018547.45,3586373.95,2495793.17,6470377.33,2020861.0,7991011.54,2231914.87,5762799.6,1690744.42,7607346.18
2023-06-05,3820324.73,3407422.49,2371710.07,6153737.43,1920040.93,7601338.48,2119681.58,5477486.87,1605340.22,7232440.73
2023-06-06,4078122.5,3638534.85,2530716.0,6571690.83,2048393.27,8119086.95,2262526.97,5851393.6,1713114.35,7727993.11
2023-06-07,4528277.56,4040329.27,2808911.19,7300087.57,2273154.63,9020634.76,2511346.12,6500203.43,1901057.63,8586936.23
2023-06-08,4544420.92,4054360.81,2817768.73,7329118.71,2279908.18,9058154.92,2519038.42,6525442.96,1906424.58,8622340.37
2023-06-09,4095425.89,3654554.61,2538327.72,6607702.04,2053433.98,8168031.42,2269705.13,5884363.23,1717316.72,7777114.87
2023-06-10,4515217.95,4029453.93,2797365.18,7287998.47,2262576.42,9010609.75,2501518.76,6490656.51,1892260.17,8580479.19
2023-06-11,4700414.51,4192968.36,2910907.67,7590036.9,2353984.3,9385745.08,2601966.73,6756805.7,1967772.78,8934458.22
2023-06-12,5092908.53,4543603.82,3152680.59,8227194.78,2549037.04,10175496.44,2818403.68,7324832.8,2130946.42,9687871.81
2023-06-13,4915861.42,4387161.74,3041834.31,7944447.67,2458967.38,9827577.91,2720250.96,7075519.29,2056242.96,9360366.7
2023-06-14,5851685.25,5220990.26,3619417.7,9460698.67,2925344.11,11705364.9,3235942.49,8423740.33,2445470.2,11146624.99
2023-06-15,5704897.48,5091021.02,3527178.34,9227164.66,2850274.66,11418497.92,3154099.49,8217399.34,2383049.66,10876187.53
2023-06-16,5078099.43,4531317.21,3138358.85,8216744.85,2535612.79,10169965.2,2806193.08,7316971.82,2119685.26,9686737.98
2023-06-17,5234663.4,4671745.56,3233791.29,8473552.72,2612241.71,10489726.42,2891977.11,7546811.67,2183960.62,9993406.61
2023-06-18,5194107.29,4632909.93,3207420.99,8411353.13,2590468.9,10414620.54,2866765.12,7487133.93,2164403.31,9916753.63
2023-06-19,5069164.57,4523390.76,3128983.46,8212389.04,2526659.52,10170119.58,2797853.36,7313129.54,2111869.85,9688600.84
2023-06-20,4929494.87,4396391.83,3041523.11,7989391.76,2455588.64,9895761.54,2718190.05,7110709.97,2051247.88,9422684.25
2023-06-21,5718775.54,5103227.61,3527065.93,9272407.8,2847076.35,11487009.69,3153922.02,8257316.42,2379498.32,10944715.47
2023-06-22,5844348.7,5213413.0,3603034.93,9479900.24,2907870.42,11746194.59,3220703.38,8439049.47,2429300.87,11188270.5
2023-06-23,4797975.16,4285484.71,2956733.44,7785810.28,2385831.62,9648864.34,2646373.47,6939828.96,1995619.93,9202844.14
2023-06-24,4896161.87,4385651.42,3016003.01,7948400.89,2433214.68,9852152.06,2707122.32,7104938.79,2040942.19,9424048.58
2023-06-25,4596678.32,4122251.99,2830361.72,7465283.12,2283030.11,9255003.46,2543495.01,6680949.37,1917122.39,8863785.39
2023-06-26,5037696.34,4525213.7,3100642.11,8184880.27,2500589.36,10148961.22,2790988.42,7337027.59,2103163.84,9736549.57
2023-06-27,5387235.57,4847059.43,3314419.29,8756377.7,2672509.3,10859571.97,2988270.25,7862068.4,2251288.06,10435796.96
2023-06-28,6795226.48,6117853.68,4178950.65,11049449.2,3368992.63,13705907.97,3770189.66,9927387.48,2839687.3,13180371.51
2023-06-29,7823746.12,7048247.4,4809499.47,12727104.71,3876624.53,15789768.34,4341780.24,11441802.36,3269424.28,15194660.33
2023-06-30,6490386.74,5845263.96,3988205.54,10562424.51,3214048.55,13106559.97,3599261.59,9492811.21,2709648.66,12609424.74
2023-07-01,6457777.35,5827721.81,3966540.11,10513668.61,3196007.5,13048432.55,3586994.26,9468189.53,2699767.57,12579727.93
2023-07-02,5908192.83,5329686.45,3627482.04,9622857.46,2922282.85,11945025.28,3279110.98,8662578.93,2467447.57,11512122.07
2023-07-03,5101868.52,4601981.62,3131134.3,8312981.76,2521968.84,10320929.4,2830231.24,7482863.76,2129167.67,9946720.06
2023-07-04,1844339.14,1662387.12,1131449.16,3006398.34,911158.86,3733253.34,1021955.04,2704160.96,768627.39,3595410.4
2023-07-05,2178282.51,1962465.99,1335765.71,3552205.8,1075499.94,4411822.37,1205936.26,3193595.64,906785.45,4247170.88
2023-07-06,2425228.11,2186402.42,1486587.6,3956532.0,1196717.51,4914887.05,1342996.55,3559469.71,1009604.35,4734880.09
2023-07-07,2416828.75,2179124.27,1480831.4,3944447.16,1191867.0,4900765.93,1337979.26,3549070.4,1005592.03,4722176.04
2023-07-08,2690142.55,2426716.62,1647619.24,4392317.56,1325867.36,5458213.38,1489392.06,3953931.08,1119122.43,5262117.37
2023-07-09,2969700.31,2676885.86,1818092.65,4850753.85,1462784.25,6028995.71,1642261.87,4363322.34,1233692.99,5808347.73
2023-07-10,3673854.9,3310070.82,2248263.51,6003393.17,1808558.31,7462966.36,2029889.65,5397617.99,1524520.4,7186895.52
2023-07-11,3714978.69,3345518.45,2272497.25,6073083.99,1827720.19,7550973.47,2050789.83,5457650.26,1539848.85,7268566.43
2023-07-12,4076128.48,3670780.9,2492394.19,6666210.16,2004214.1,8289944.39,2249255.43,5990707.99,1688464.13,7980407.88
2023-07-13,3933302.81,3541928.31,2404075.34,6435268.81,1932842.64,8004206.22,2169415.14,5782782.64,1628140.4,7705266.82
2023-07-14,3476461.71,3130061.96,2123977.76,5690165.98,1707337.7,7078732.01,1916365.83,5112430.88,1437883.59,6813686.37
2023-07-15,3455694.93,3114277.64,2110424.1,5658496.54,1696134.32,7040614.25,1905923.2,5088728.23,1429706.31,6783718.58
2023-07-16,3559812.8,3206216.82,2173118.09,5831375.31,1746203.57,7257038.87,1961388.13,5241097.41,1470960.82,6988511.31
2023-07-17,3932974.21,3542054.51,2399932.85,6445299.55,1928109.42,8022514.69,2165950.27,5792446.06,1623985.57,7725530.56
2023-07-18,3970737.21,3577729.88,2421982.29,6509855.19,1945470.23,8104340.93,2186872.06,5853177.85,1639280.16,7808397.48
2023-07-19,4318025.46,3883389.19,2632733.16,7082124.48,2114372.54,8818381.64,2372735.51,6355833.38,1778178.13,8480990.4
2023-07-20,4406073.72,3955582.36,2685314.94,7229500.47,2156209.39,9003525.2,2415858.15,6476635.15,1810062.15,8644251.15
2023-07-21,3867466.01,3466537.49,2356089.59,6348355.09,1891509.59,7907595.84,2116310.98,5678221.32,1585249.65,7580435.13
2023-07-22,3849441.66,3446527.45,2344147.11,6321361.43,1881579.83,7875403.88,2103235.54,5647751.39,1575078.54,7541561.3
2023-07-23,3999392.92,3575306.14,2434462.11,6570298.91,1953717.86,8187028.47,2180931.32,5861172.17,1632873.05,7828418.76
2023-07-24,4318905.1,3858800.8,2627873.36,7098112.69,2108551.92,8846327.69,2352901.26,6328503.41,1761206.4,8454627.23
2023-07-25,4127048.26,3688022.61,2510106.47,6785579.61,2013692.04,8458357.6,2247850.91,6050895.43,1682171.15,8085687.82
2023-07-26,4703464.06,4202990.3,2859514.17,7736480.0,2293581.63,9645427.01,2560677.59,6898614.47,1915815.59,9220682.59
2023-07-27,4732753.41,4229747.39,2876140.68,7787850.92,2306498.16,9711238.96,2575926.87,6945369.12,1926763.71,9285395.46
2023-07-28,4694808.51,4196005.07,2851910.92,7728581.83,2286651.52,9639084.35,2554334.03,6892778.44,1910155.58,9217290.35
2023-07-29,4406028.26,3938334.25,2675390.48,7256168.84,2144728.12,9051536.56,2396496.74,6472145.94,1791694.74,8656874.59
2023-07-30,4878153.8,4372661.98,2960855.5,8036996.22,2373139.8,10027384.18,2659700.67,7188843.85,1987998.54,9617800.18
2023-07-31,6753586.73,6073095.28,4097491.22,11131429.28,3283561.7,13890688.78,3692491.78,9988508.71,2759300.26,13366608.52
2023-08-01,5751525.47,5194547.23,3488095.95,9483697.03,2794709.13,11836668.4,3157037.41,8547038.72,2358605.33,11440371.39
2023-08-02,5520914.96,4996239.39,3346865.49,9107178.67,2681065.91,11368799.98,3035273.66,8224104.59,2267093.99,11010751.27
2023-08-03,4063684.96,3688794.09,2462459.29,6706115.13,1972238.04,8372993.11,2240070.11,6074453.53,1672743.73,8134660.21
2023-08-04,3006150.76,2732071.97,1820881.19,4962950.05,1458118.84,6197672.07,1658410.05,4500827.31,1238100.34,6028766.02
2023-08-05,2558337.12,2322258.87,1548996.55,4225373.4,1240174.51,5277554.69,1409071.4,3827262.59,1051702.84,5127766.18
2023-08-06,2899999.01,2636082.35,1755142.39,4791630.78,1404965.78,5985906.85,1598836.05,4346243.13,1193054.0,5824489.23
2023-08-07,3014221.69,2734378.39,1823524.15,4982403.1,1459439.01,6225359.4,1657777.17,4510150.88,1236740.12,6045591.19
2023-08-08,3023089.59,2743566.8,1828138.82,4999111.95,1462866.33,6247372.33,1662668.49,4527155.48,1240092.51,6069836.49
2023-08-09,3216035.67,2920621.53,1944020.49,5320358.25,1555311.38,6650041.62,1769245.07,4821282.37,1319266.52,6465736.85
2023-08-10,3393688.51,3079483.65,2050566.15,5616557.03,1640254.88,7021543.95,1864718.17,5085604.73,1390125.05,6821846.38
2023-08-11,2903191.65,2637834.99,1753474.03,4806755.97,1402354.88,6010263.06,1596634.5,4358025.22,1189987.23,5847267.3
2023-08-12,2730117.53,2478900.07,1648264.1,4522055.48,1317972.76,5655307.86,1499821.21,4097118.73,1117564.01,5498517.78
2023-08-13,2802909.09,2546050.82,1691516.72,4644529.54,1352312.21,5809530.75,1539820.6,4209824.69,1147094.42,5651125.74
2023-08-14,3346766.94,3037138.41,2018898.94,5547998.85,1613750.14,6940881.78,1836074.19,5023876.35,1367462.4,6745494.27
2023-08-15,3292782.81,2991082.81,1985518.88,5460748.21,1586780.21,6832968.16,1807493.17,4949715.17,1345854.01,6647508.78
2023-08-16,3685193.2,3344843.77,2221227.4,6114029.11,1774830.23,7651801.7,2020443.23,5537388.86,1504056.2,7438538.42
2023-08-17,3640760.53,3305639.44,2193545.76,6042790.38,1752393.11,7564020.43,1995946.43,5474722.13,1485464.98,7356115.57
2023-08-18,3047965.26,2765229.36,1835635.4,5060968.12,1466196.91,6336183.19,1668964.68,4581578.94,1241814.73,6157515.47
2023-08-19,2700932.02,2451364.52,1625967.61,4486580.01,1298490.59,5618087.51,1478926.08,4063210.52,1100150.88,5462148.94
2023-08-20,3057498.99,2775804.79,1839866.8,5080965.67,1469042.44,6363533.04,1673979.28,4602859.97,1244950.22,6189076.53
2023-08-21,3339417.78,3032287.04,2008688.73,5551736.79,1603546.8,6954403.26,1827906.82,5030215.22,1359102.12,6765322.94
2023-08-22,3438726.57,3119849.67,2067575.4,5719182.18,1650256.29,7165456.99,1879922.72,5177586.22,1397443.17,6965193.41
2023-08-23,3618675.61,3282185.84,2174879.46,6020937.44,1735586.52,7544892.16,1976933.59,5449218.89,1469204.89,7332363.22
2023-08-24,3767508.7,3422955.36,2263401.65,6271145.82,1805900.2,7859859.46,2060880.14,5685252.2,1531225.46,7651795.02
2023-08-25,3091368.4,2804765.97,1856435.87,5147798.91,1480925.16,6453100.29,1687993.29,4660393.02,1253872.12,6273934.95
2023-08-26,2849107.79,2588077.31,1710251.16,4746329.28,1364061.95,5950913.88,1556947.32,4302100.72,1156252.2,5792978.51
2023-08-27,3525017.65,3197841.12,2115115.73,5874737.35,1686667.11,7367043.18,1922986.07,5317868.89,1427745.9,7162470.47
2023-08-28,6198757.87,5627487.91,3717913.99,10334988.7,2964255.39,12962647.95,3382644.94,9362088.19,2510887.87,12612518.69
2023-08-29,6478919.68,5877834.14,3884356.55,10806526.03,3096395.36,13556537.63,3531683.33,9782568.5,2620889.95,13182138.45
2023-08-30,6840041.33,6202493.43,4099180.52,11413541.14,3267047.17,14320627.49,3725232.02,10327121.78,2763862.81,13919259.92
2023-08-31,7731582.66,7004225.81,4631573.35,12906493.3,3690693.22,16196786.58,4205036.21,11666767.39,3119097.98,15728643.2
2023-09-01,5758596.16,5199299.13,3448248.78,9616890.14,2747255.39,12070748.84,3120160.9,8663883.78,2313835.03,11683076.37
2023-09-02,3096623.26,2790089.51,1853498.19,5173501.47,1476432.67,6494759.83,1673681.85,4651182.33,1240864.72,6273527.96
2023-09-03,2036316.97,1828347.65,1218347.0,3403453.02,970316.74,4273436.34,1096316.97,3049168.47,812613.04,4113710.92
2023-09-04,2203189.68,1979322.64,1317647.77,3683871.24,1049211.15,4626375.51,1186360.11,3302300.94,879144.6,4456284.13
2023-09-05,2214845.44,1989824.47,1324075.34,3704880.08,1054137.59,4653605.37,1192167.55,3321178.66,883236.88,4482830.71
2023-09-06,2300057.6,2066145.76,1374452.73,3848997.38,1094045.67,4835506.51,1237388.49,3449974.15,916520.31,4657789.07
2023-09-07,2778044.43,2493880.08,1659403.91,4650785.02,1320622.8,5843857.02,1492943.13,4165890.64,1105542.43,5625688.97
2023-09-08,2744052.15,2464533.7,1638427.05,4595762.88,1303691.49,5775769.98,1474772.56,4118551.25,1091825.72,5563091.48
2023-09-09,2761467.68,2480038.62,1648149.25,4626828.39,1311189.01,5815869.15,1483444.54,4146155.36,1097983.24,5601717.12
2023-09-10,3085692.98,2771000.47,1840903.87,5172188.13,1464269.16,6502562.11,1656807.52,4634481.38,1226005.95,6262974.17
2023-09-11,3506514.68,3149368.63,2091105.22,5879974.43,1662978.87,7393747.11,1882268.36,5269452.01,1392509.57,7122768.14
2023-09-12,3144476.25,2825000.26,1874434.93,5275046.21,1490397.98,6634288.96,1687715.04,4728657.53,1248279.65,6393300.12
2023-09-13,3134211.57,2817153.6,1867549.77,5259984.13,1484653.52,6616548.62,1682339.88,4717450.05,1244006.46,6379672.97
2023-09-14,3367609.6,3025938.62,2005799.14,5654003.04,1594268.28,7113479.3,1806283.5,5069140.33,1335337.16,6856923.36
2023-09-15,3158402.72,2835864.23,1880420.74,5304933.92,1494342.12,6675518.02,1692130.37,4752663.3,1250647.63,6430369.15
2023-09-16,2928041.66,2630792.35,1742555.44,4920031.68,1384530.89,6192298.06,1569125.01,4410782.05,1159457.43,5969230.26
2023-09-17,2805226.31,2520098.91,1668779.98,4715597.47,1325672.26,5936078.54,1502488.46,4226920.0,1109952.86,5721773.18
2023-09-18,3229651.98,2899133.55,1920475.32,5431286.63,1525340.69,6838244.04,1727763.78,4864655.36,1276068.18,6586619.3
2023-09-19,3143659.27,2822061.99,1868573.98,5288842.57,1483848.17,6660111.07,1681145.41,4737266.53,1241340.49,6415672.41
2023-09-20,2913076.79,2616361.07,1730806.78,4902925.32,1374196.36,6175257.48,1557969.65,4393760.32,1150113.65,5951885.92
2023-09-21,3285902.51,2952280.57,1951520.66,5532688.18,1549153.32,6969713.81,1757282.28,4959909.21,1296938.61,6720411.06
2023-09-22,3357095.28,3014629.19,1992984.74,5654879.59,1581780.66,7124937.72,1793661.09,5066725.93,1323470.91,6866784.22
2023-09-23,2958124.28,2658227.76,1755409.92,4984875.15,1392970.37,6281899.1,1580961.38,4469542.96,1166249.31,6058888.76
2023-09-24,3364001.24,3021398.29,1995446.57,5671163.8,1583158.78,7148053.95,1796220.45,5082253.47,1324725.51,6891123.91
2023-09-25,3933549.69,3531174.92,2332332.28,6634051.79,1850102.68,8363218.58,2098425.11,5942168.83,1547233.5,8059026.81
2023-09-26,4062428.35,3647211.98,2407760.7,6854221.05,1909588.42,8642346.13,2166495.72,6139940.68,1597042.03,8329245.55
2023-09-27,4262312.55,3825999.93,2525193.87,7194421.18,2002360.26,9072946.89,2271770.07,6443555.04,1674244.99,8743209.97
2023-09-28,5494622.9,4934909.9,3253937.09,9278262.02,2579750.36,11703024.17,2929012.53,8314520.84,2158102.1,11284607.74
2023-09-29,4995715.91,4484326.84,2957268.92,8439265.48,2344122.96,10646701.5,2660491.32,7558448.73,1959786.35,10260907.87
2023-09-30,4080928.64,3662556.51,2414759.65,6896743.76,1913747.0,8702288.54,2172058.44,6175856.01,1599611.49,8385986.4
2023-10-01,2617907.56,2342012.88,1548428.1,4426062.8,1226938.22,5585806.92,1388350.23,3950749.75,1022205.4,5365873.0
2023-10-02,2321037.05,2071612.86,1372273.37,3925757.88,1087159.66,4955309.89,1227554.95,3496038.88,903599.95,4749424.6
2023-10-03,2077728.04,1853153.27,1227917.22,3515671.71,972619.16,4438483.21,1097656.04,3128645.89,807788.47,4251332.08
2023-10-04,1891654.36,1686697.77,1117490.91,3202134.52,884990.83,4043382.24,998653.4,2848785.53,734754.56,3871972.37
2023-10-05,2002777.62,1785657.53,1182651.44,3391631.74,936424.1,4283441.87,1056813.3,3017158.1,777359.49,4101799.6
2023-10-06,2267642.02,2021111.54,1338506.11,3841745.86,1059637.24,4852793.13,1195674.51,3416391.2,879291.19,4645664.47
2023-10-07,2268360.39,2022296.01,1338380.94,3844539.84,1059345.53,4857205.43,1195886.59,3419790.12,879236.84,4651398.78
2023-10-08,2262150.58,2017515.97,1334169.55,3835588.38,1055820.18,4846777.25,1192572.64,3413100.87,876590.67,4643410.94
2023-10-09,2520570.49,2248778.16,1485970.5,4275505.87,1175736.94,5403653.98,1328730.97,3805889.46,976439.15,5179025.43
2023-10-10,2572949.81,2295262.16,1516227.89,4366144.94,1199459.24,5519212.72,1355642.97,3886147.37,995977.62,5289504.79
2023-10-11,2477092.53,2208870.74,1459140.87,4205205.65,1154088.93,5316737.07,1304085.06,3741404.69,957869.39,5093711.12
2023-10-12,2430023.43,2168893.01,1430827.5,4126992.16,1131489.1,5218798.73,1279959.8,3675191.11,939924.2,5004761.98
2023-10-13,2458286.34,2192023.12,1446875.33,4176705.22,1143971.61,5282623.86,1293081.56,3715902.77,949332.92,5061412.33
2023-10-14,2415030.37,2153944.08,1420833.09,4104895.71,1123177.11,5192744.46,1270099.66,3652843.37,932237.45,4976709.63
2023-10-15,2435859.1,2171583.79,1432499.43,4141997.86,1132193.54,5240631.85,1279978.14,3684263.06,939263.45,5020717.2
2023-10-16,2632949.23,2347844.53,1547770.64,4478972.18,1223077.17,5668016.53,1383304.79,3984930.86,1014843.04,5431750.26
2023-10-17,2744173.47,2446535.82,1612491.77,4670093.93,1273989.37,5910950.44,1440863.06,4154133.49,1056817.1,5663740.25
2023-10-18,2706230.21,2412988.29,1589543.84,4607411.12,1255630.47,5832673.0,1420525.16,4098845.03,1041650.86,5589696.82
2023-10-19,2851468.86,2543486.73,1674164.89,4856674.94,1322234.88,6149342.16,1496737.98,4322282.76,1097274.15,5895814.42
2023-10-20,3132461.87,2794316.67,1838388.17,5337456.77,1451672.44,6759319.15,1643669.54,4750471.67,1204703.03,6481436.02
2023-10-21,2884551.68,2572630.81,1692199.53,4917055.12,1335992.53,6228057.56,1512651.69,4375382.17,1108410.31,5971100.41
2023-10-22,2886075.62,2575335.4,1692399.08,4921671.61,1335907.16,6235038.41,1513623.48,4381771.63,1108857.15,5981250.56
2023-10-23,2737475.15,2441655.42,1604601.1,4670176.43,1266372.95,5917506.55,1434468.51,4156020.95,1050618.12,5674451.15
2023-10-24,2961268.85,2639881.87,1735068.25,5054045.11,1369090.45,6405064.89,1550292.78,4495264.62,1135177.34,6139107.96
2023-10-25,2876776.04,2564534.91,1684870.8,4911854.61,1329239.45,6225996.65,1505429.54,4368746.04,1102063.32,5967750.86
2023-10-26,2719130.39,2424323.83,1591887.63,4644592.94,1255654.25,5888300.93,1422541.79,4131580.59,1041135.55,5645130.52
2023-10-27,3351327.65,2988915.6,1961196.42,5726808.88,1546677.59,7261627.85,1753115.95,5095850.34,1282770.62,6964313.3
2023-10-28,4249312.08,3792322.54,2485676.78,7264280.44,1959947.31,9212825.82,2223437.07,6468233.57,1626519.7,8842014.14
2023-10-29,4406299.13,3931022.44,2576450.65,7535743.79,2031152.87,9558843.32,2303815.43,6707541.41,1684916.16,9171339.07
2023-10-30,5026648.58,4486080.44,2937975.72,8600205.86,2315741.21,10911062.03,2628038.98,7657769.87,1921580.3,10473107.8
2023-10-31,5091907.22,4543071.3,2974897.35,8715433.2,2344416.92,11059261.21,2660338.41,7758222.35,1944731.94,10613029.24
2023-11-01,3235477.69,2888306.38,1889521.06,5540195.38,1488797.53,7031389.85,1690647.93,4934388.54,1235583.68,6751718.97
2023-11-02,2192848.34,1958914.44,1280099.57,3756413.93,1008436.82,4768354.1,1146167.18,3347980.85,837458.08,4582134.72
2023-11-03,1357968.67,1212401.85,792404.13,2327194.97,624126.63,2954655.06,709090.52,2072962.78,517979.9,2837790.1
2023-11-04,1618247.02,1445554.13,943894.86,2774380.43,743311.14,3523051.47,845107.65,2472616.06,617190.73,3385706.65
2023-11-05,1984423.56,1772984.23,1157004.39,3403562.61,910967.89,4322805.34,1036108.25,3033923.41,756499.45,4155288.01
2023-11-06,2098401.91,1872832.84,1222956.84,3600528.19,962720.53,4573799.39,1094011.44,3206093.41,798585.59,4392143.94
2023-11-07,1963112.62,1753663.68,1143640.42,3369775.23,900118.41,4281449.13,1023980.62,3003314.93,747287.07,4115334.52
2023-11-08,1895569.74,1692907.85,1103839.36,3255169.89,868634.47,4136589.97,988100.99,2900449.46,720930.16,3975332.37
2023-11-09,2089767.47,1865774.57,1216426.57,3590128.82,957057.7,4563077.09,1088553.49,3197927.16,794031.54,4384101.37
2023-11-10,2168091.05,1936121.24,1261500.06,3726213.7,992340.1,4736903.01,1129134.66,3319856.87,823435.98,4552345.93
2023-11-11,2004624.34,1790214.25,1165908.81,3446683.58,916977.95,4382350.5,1043616.13,3070925.18,760888.49,4212006.25
2023-11-12,2379630.35,2124788.14,1383448.22,4093135.19,1087873.14,5205239.8,1238152.09,3646340.93,902506.51,5002428.84
2023-11-13,2332669.88,2084296.17,1355590.5,4014006.26,1065773.47,5105539.72,1214060.63,3578314.3,884734.28,4910277.16
2023-11-14,2321565.79,2073026.71,1348584.17,3996537.89,1060072.29,5084245.42,1207003.23,3560421.1,879380.91,4886892.26
2023-11-15,2070225.0,1848534.42,1202088.48,3565321.2,944745.65,4536492.47,1075854.79,3176153.07,783643.23,4360504.08
2023-11-16,2076354.79,1854832.44,1205153.25,3577345.22,946982.14,4552619.4,1079079.36,3188276.51,785804.0,4378195.28
2023-11-17,2137113.64,1909987.27,1239909.97,3683537.36,974116.06,4688614.54,1110712.76,3284423.76,808646.55,4511305.21
2023-11-18,2127023.18,1902703.7,1233549.51,3667649.78,968942.88,4669240.78,1106025.24,3273235.76,805041.25,4497013.48
2023-11-19,1887817.92,1692715.57,1094375.33,3256521.24,859466.44,4146591.81,983559.07,2913181.4,715730.74,4003301.55
2023-11-20,1680244.18,1508292.44,973644.5,2899642.02,764511.61,3692841.9,876041.34,2596847.87,637338.2,3569448.83
2023-11-21,1785417.95,1607157.29,1034164.76,3082407.53,811884.87,3926316.87,933082.43,2768195.46,678674.43,3805881.65
2023-11-22,1768049.94,1594874.29,1023684.66,3053675.34,803511.22,3890425.58,925573.0,2748161.43,673051.46,3779241.48
2023-11-23,1603453.6,1447644.13,928004.09,2770530.31,728277.14,3530336.59,839785.98,2495485.27,610523.43,3432584.92
2023-11-24,1823330.44,1645887.32,1054825.7,3151737.7,827653.45,4016818.75,954397.92,2838381.13,693680.25,3905178.28
2023-11-25,1603306.48,1447755.26,927157.87,2772550.12,727348.52,3534195.21,839164.55,2497716.7,609779.89,3437298.17
2023-11-26,2039531.68,1841188.27,1178933.81,3528348.61,924696.76,4498436.31,1066774.83,3177778.62,774987.78,4374229.3
2023-11-27,2012475.95,1816953.57,1162817.32,3482971.38,911889.98,4441390.44,1052303.41,3137232.34,764291.79,4319450.14
2023-11-28,2992747.7,2701109.51,1728513.3,5181642.98,1355266.54,6608691.72,1563730.56,4665760.69,1135471.57,6425517.59
2023-11-29,2324547.53,2098600.48,1342032.01,4026372.81,1052048.85,5136188.48,1214428.88,3626498.07,881622.27,4995477.23
2023-11-30,2122598.33,1915155.69,1224937.95,3678083.2,960081.63,4692750.61,1107819.45,3310847.53,804036.16,4561761.65
2023-12-01,1959396.29,1772431.51,1130291.28,3396676.49,885738.44,4334500.64,1024842.08,3065363.43,743634.74,4224538.35
2023-12-02,1183767.82,1070293.93,682584.55,2052941.66,534801.49,2620236.27,618604.59,1851795.34,448757.76,2552666.9
2023-12-03,888556.79,803155.46,512149.72,1541606.18,401193.73,1967959.92,464015.28,1390166.94,336532.68,1916778.78
2023-12-04,1258978.73,1135913.32,725357.26,2185167.94,568107.08,2790015.3,655994.86,1966934.71,475654.41,2712681.82
2023-12-05,1417901.61,1280826.69,816585.18,2462015.01,639441.42,3144064.32,739380.85,2218771.29,535988.43,3060732.14
2023-12-06,1128562.54,1020167.41,649685.02,1960416.77,508654.83,2503964.07,588669.94,1767954.27,426633.74,2439426.23
2023-12-07,926703.08,837624.11,533260.79,1610428.9,417427.46,2057312.2,483139.09,1452199.11,350067.37,2004226.05
2023-12-08,1082294.26,978264.9,622538.52,1881587.76,487223.95,2404152.9,564029.82,1696722.75,408580.51,2342261.05
2023-12-09,1556269.49,1407215.22,894803.15,2706712.34,700181.99,3459064.54,811014.65,2441700.26,587354.65,3371480.4
2023-12-10,1670836.0,1509778.89,960281.03,2907162.44,751281.73,3715906.88,869769.37,2620731.86,629755.47,3619551.45
2023-12-11,1622794.12,1467298.38,932287.32,2824730.86,729248.08,3611200.13,844951.51,2548033.25,611639.81,3519987.59
2023-12-12,1955025.66,1766637.88,1122692.03,3404429.03,878025.63,4353090.82,1016912.23,3069104.0,735941.94,4240836.44
2023-12-13,1828071.75,1652625.41,1049356.94,3184661.18,820523.14,4072823.93,950895.83,2872208.14,688001.13,3969718.41
2023-12-14,1811898.15,1637024.62,1039646.29,3157780.6,812782.32,4039181.0,941534.67,2846256.97,681065.13,3934791.96
2023-12-15,1665395.67,1504623.13,955192.9,2903646.73,746621.97,3714788.56,865030.51,2617122.46,625575.71,3618891.71
2023-12-16,1706989.31,1543050.6,978647.47,2977387.23,764816.06,3809821.27,886760.71,2685059.37,641137.27,3713721.32
2023-12-17,1982157.31,1790821.4,1135940.08,3458763.07,887579.33,4426587.51,1028729.36,3117478.12,743604.21,4312833.67
2023-12-18,2081345.67,1880926.9,1192293.96,3633331.99,931442.7,4650849.46,1080048.77,3275672.47,780513.1,4532769.56
2023-12-19,2322010.45,2097292.82,1329612.61,4055115.37,1038529.81,5191697.43,1203796.57,3653970.51,869733.22,5057455.66
2023-12-20,2261529.7,2042701.48,1294449.4,3951113.58,1010880.83,5059465.45,1171983.57,3560313.86,846546.08,4929004.42
2023-12-21,2088519.37,1887336.51,1194931.79,3650344.9,932994.4,4675176.16,1082401.9,3290865.53,781652.55,4557061.97
2023-12-22,2306287.67,2083938.48,1318985.16,4032617.62,1029667.18,5165710.73,1194666.5,3635156.43,862517.69,5035026.7
2023-12-23,1906064.65,1721597.29,1089647.14,3334182.5,850479.57,4271804.48,986542.83,3004326.95,712087.55,4162265.16
2023-12-24,1682731.94,1520379.38,961579.11,2944725.75,750384.87,3773512.67,870881.24,2654269.46,628452.58,3678166.93
2023-12-25,1971454.79,1780432.21,1126104.6,3451396.96,878615.41,4423589.62,1019424.32,3109538.19,735469.53,4310088.58
2023-12-26,2098252.6,1894511.3,1198040.52,3674887.38,934571.7,4710889.45,1084299.69,3310130.13,782087.16,4589223.87
2023-12-27,2727838.43,2466051.55,1556876.65,4779506.8,1214273.09,6128030.53,1410837.1,4310497.85,1017369.75,5977581.2
2023-12-28,3661039.11,3309174.97,2088631.17,6417220.8,1628714.48,8229316.75,1892417.85,5786586.19,1364316.42,8026465.69
2023-12-29,4167421.27,3767304.67,2376548.14,7307825.89,1852895.22,9373115.06,2153528.55,6590386.02,1552189.82,9143588.16
2023-12-30,3615760.03,3268166.31,2061107.47,6343056.25,1606667.18,8137167.93,1867439.85,5719547.51,1345664.97,7937273.61
2023-12-31,3113510.9,2812447.98,1774080.22,5464211.83,1382673.3,7011019.96,1606384.7,4924015.79,1157273.49,6834913.01
2024-01-01,1802067.83,1619094.44,1026398.06,3163926.93,799803.29,4060308.95,924399.77,2835858.35,665797.87,3937331.35
2024-01-02,1211426.05,1082660.36,689705.08,2127797.99,537343.29,2731127.59,617877.62,1897064.09,444919.21,2634530.98
2024-01-03,1100641.3,981651.49,626374.61,1934004.43,487914.35,2482835.92,560002.74,1720776.68,403148.42,2390285.04
2024-01-04,1147333.72,1022846.57,652679.43,2016877.84,508312.06,2589697.92,583264.97,1793721.8,419794.59,2492207.19
2024-01-05,1366535.33,1218333.56,777056.96,2403194.23,605068.27,3086294.37,694455.14,2137411.87,499702.2,2970442.49
2024-01-06,1613641.87,1439459.18,917193.51,2838921.2,714058.08,3646538.24,820162.54,2526380.61,590015.1,3511847.0
2024-01-07,1767516.61,1577482.73,1004243.77,3110912.97,781686.75,3996632.86,898437.31,2769755.62,646170.45,3851076.42
2024-01-08,2198617.09,1961699.62,1248668.25,3871258.13,971766.03,4974363.11,1116807.33,3445773.77,803033.56,4792160.12
2024-01-09,1967139.77,1755545.16,1116746.28,3465101.22,868940.82,4453282.42,999034.17,3084918.33,718177.68,4291331.93
2024-01-10,1815150.21,1618358.72,1030039.05,3198684.84,801328.19,4111636.61,920588.85,2845010.5,661627.27,3958550.46
2024-01-11,1626746.79,1450373.12,922747.55,2867853.84,717729.29,3687051.86,824694.79,2550740.27,592566.45,3549951.54
2024-01-12,1798993.22,1604661.18,1020033.18,3172815.05,793255.52,4079866.47,912051.66,2823236.47,655178.1,3930133.63
2024-01-13,2032480.91,1813506.68,1151948.52,3586079.22,895680.09,4612113.97,1030333.53,3191982.36,739969.63,4444515.46
2024-01-14,2272918.31,2027263.17,1287692.74,4011949.02,1001043.93,5160770.15,1151307.66,3569676.56,826653.64,4971605.76
2024-01-15,2285765.6,2038595.08,1294440.04,4036281.49,1006106.3,5193014.28,1157270.33,3591096.9,830736.19,5002634.97
2024-01-16,2017881.12,1798843.78,1142267.05,3564704.25,887668.11,4587124.57,1020751.16,3170056.59,732561.88,4417154.4
2024-01-17,2173810.48,1938596.21,1230029.64,3841738.33,955695.6,4944515.82,1099604.17,3417734.63,788963.54,4763407.99
2024-01-18,1903724.37,1696815.88,1076762.18,3365800.3,836459.35,4332746.65,962069.23,2992699.53,690117.45,4172020.48
2024-01-19,1977868.98,1764191.7,1118240.12,3498323.52,868522.67,4504160.72,999861.77,3112802.62,717055.5,4340490.16
2024-01-20,2081792.84,1856076.56,1176513.42,3683648.11,913616.67,4743632.17,1051508.2,3276265.65,753913.63,4569515.74
2024-01-21,2342379.68,2087920.19,1323239.61,4146446.74,1027369.49,5340573.79,1182369.6,3687011.83,847536.31,5143627.09
2024-01-22,2532903.53,2259745.07,1430282.0,4485549.18,1110275.84,5778384.15,1279149.76,3992064.03,916690.17,5570527.45
2024-01-23,2466143.78,2199612.21,1392012.85,4369115.67,1080372.44,5629415.31,1244602.46,3887421.1,891718.88,5425806.27
2024-01-24,2307198.02,2058432.98,1301761.87,4089198.51,1010142.96,5269712.25,1164243.58,3639398.49,833944.75,5080847.76
2024-01-25,2220138.0,1980566.29,1252127.27,3936510.98,971450.79,5073867.65,1119744.89,3503157.63,801878.63,4891816.13
2024-01-26,2671167.66,2381827.22,1505883.85,4738171.97,1168112.98,6108259.03,1346054.19,4214615.53,963714.12,5886705.17
2024-01-27,3409018.03,3039604.88,1921062.31,6049467.44,1489895.69,7800145.97,1717085.85,5380743.07,1229062.05,7517275.26
2024-01-28,4083122.75,3641151.4,2299992.48,7248672.15,1783453.82,9348092.54,2056061.97,6448241.21,1471343.68,9010799.96
2024-01-29,5054887.96,4509693.37,2846212.61,8977506.51,2206601.11,11579751.37,2545464.61,7989635.47,1821130.68,11167421.66
2024-01-30,5331888.38,4756644.57,3000949.45,9473346.42,2326141.95,12221538.61,2683757.9,8430591.89,1919612.23,11786582.26
2024-01-31,4099310.32,3656654.75,2306270.55,7286372.0,1787346.8,9401838.02,2062287.35,6483637.69,1474740.06,9066766.65
2024-02-01,3354475.49,2992678.94,1886452.63,5964902.39,1461724.48,7698103.15,1687127.61,5308506.11,1206175.09,7425229.78
2024-02-02,1951036.66,1740708.85,1096752.26,3470741.94,849667.86,4480037.69,980926.64,3088984.62,701124.39,4321725.69
2024-02-03,1621205.53,1447133.0,910967.77,2885181.54,705609.97,3724872.81,815157.3,2569067.23,582500.22,3595181.3
2024-02-04,1755167.57,1565801.49,985837.52,3124869.08,763463.15,4035051.59,881641.99,2780872.9,629858.59,3892515.43
2024-02-05,2015821.63,1798624.69,1131776.53,3590405.63,876323.51,4637028.22,1012322.06,3195673.5,723045.49,4474200.9
2024-02-06,2012057.36,1794688.61,1129199.73,3585171.6,874169.37,4631110.36,1009694.15,3189983.02,720996.05,4467302.14
2024-02-07,2252017.01,2009167.68,1263350.63,4014388.79,977844.41,5186490.34,1129898.69,3572669.67,806637.99,5004419.34
2024-02-08,2248185.53,2006694.85,1260683.91,4009203.38,975602.95,5180732.75,1128047.12,3569730.5,805123.56,5001498.42
2024-02-09,2205364.61,1967623.4,1236164.55,3934454.39,956454.3,5085065.8,1105631.67,3501656.07,788936.21,4907293.91
2024-02-10,2577486.83,2299997.21,1444156.19,4600221.49,1117179.98,5946614.2,1291868.73,4094833.34,921607.35,5739957.66
2024-02-11,2924965.05,2609561.1,1638174.71,5222532.41,1267039.75,6752290.61,1465146.77,4647868.23,1044972.35,6516736.19
2024-02-12,2934516.21,2619196.58,1642849.86,5241736.07,1270424.72,6778351.57,1469956.03,4666936.01,1048151.68,6545036.24
2024-02-13,2749632.01,2454814.15,1538713.5,4913504.83,1189679.18,6355054.61,1377137.97,4375823.37,981732.95,6138240.04
2024-02-14,3047469.39,2721086.24,1704685.89,5447965.36,1317763.6,7047599.19,1525891.76,4852447.95,1087516.28,6808459.3
2024-02-15,3039226.06,2711224.93,1699377.42,5435458.25,1313421.21,7032698.26,1519740.91,4836838.02,1082873.49,6788180.46
2024-02-16,3030489.2,2705052.51,1693797.18,5422056.96,1308870.34,7016634.51,1515661.76,4827798.2,1079708.65,6777114.45
2024-02-17,3114635.25,2779739.76,1740113.93,5574895.14,1344416.84,7215732.79,1556873.46,4963122.13,1108801.31,6968744.61
2024-02-18,3508769.74,3132774.35,1959508.65,6282934.78,1513646.59,8133645.7,1753884.05,5595737.73,1248813.01,7858882.84
2024-02-19,3529282.39,3147866.59,1970155.71,6322258.76,1521594.37,8186041.18,1761613.65,5624992.78,1254016.72,7901859.57
2024-02-20,3556930.47,3173424.26,1984775.28,6374401.4,1532606.72,8255056.04,1775190.94,5672979.35,1263379.6,7971176.34
2024-02-21,3575118.53,3190247.21,1994105.99,6409625.44,1539531.78,8302181.6,1783872.7,5705383.17,1269254.67,8018625.06
2024-02-22,3641758.88,3250088.71,2030443.02,6531780.31,1567300.49,8461943.22,1816591.68,5814777.59,1292225.65,8174328.26
2024-02-23,3840632.65,3427191.79,2140445.69,6891302.67,1651911.27,8929328.94,1914798.6,6134140.47,1361759.02,8625346.65
2024-02-24,4041196.11,3607417.17,2251299.09,7254152.09,1737147.68,9401196.12,2014668.72,6459354.05,1432441.61,9084809.11
2024-02-25,4938359.72,4408698.08,2749969.12,8868243.84,2121545.75,11495107.64,2461162.11,7897333.79,1749482.61,11109923.97
2024-02-26,6241500.33,5570882.58,3474208.82,11213006.57,2679794.82,14537055.64,3108683.12,9983241.0,2209235.36,14047725.86
2024-02-27,5668371.8,5060811.65,3153893.88,10187545.99,2432280.96,13210003.05,2822898.15,9072879.43,2005657.94,12769782.01
2024-02-28,4669758.29,4166842.1,2597197.49,8396220.39,2002592.93,10889203.77,2323296.64,7473248.48,1650298.27,10520869.7
2024-02-29,2764716.14,2469515.32,1537032.13,4972996.46,1184927.26,6450738.02,1376359.65,4430895.61,977430.39,6239325.08
2024-03-01,2009054.61,1794797.82,1116467.19,3615243.21,860549.29,4690376.8,999904.05,3221608.35,709918.28,4537563.47
2024-03-02,1023335.58,914165.0,568452.42,1842222.26,438071.45,2390513.49,509084.61,1641569.26,361356.71,2312666.76
2024-03-03,1914704.26,1708644.25,1063162.32,3448290.36,819165.1,4475401.08,951129.42,3069472.06,674965.99,4325351.52
2024-03-04,2309739.74,2061920.16,1281984.41,4161437.22,987587.65,5401948.5,1147314.26,3705623.52,813993.23,5223034.47
2024-03-05,3124749.38,2789128.4,1733631.21,5632142.89,1335274.83,7312396.26,1551320.9,5014589.33,1100363.49,7069697.74
2024-03-06,3380786.06,3016992.23,1874912.66,6096131.66,1443829.89,7916247.26,1677374.02,5426483.3,1189489.36,7652226.57
2024-03-07,3489838.02,3115917.56,1934596.71,6295353.08,1489520.47,8176436.45,1731666.54,5606704.3,1227696.57,7908258.86
2024-03-08,3326632.23,2969403.44,1843366.94,6003407.02,1419021.13,7798673.18,1649567.53,5345253.6,1169211.29,7541286.08
2024-03-09,3490446.65,3116346.08,1933347.1,6301619.5,1488017.17,8187551.93,1730490.26,5612058.67,1226275.88,7919598.77
2024-03-10,3722573.49,3322331.9,2061075.66,6723456.93,1586036.15,8737224.17,1844119.59,5985451.99,1306484.4,8448542.72
2024-03-11,4328906.91,3864218.67,2395800.91,7821783.09,1843278.32,10166362.21,2144027.47,6964549.75,1518593.79,9832903.41
2024-03-12,4848071.52,4329786.69,2682028.09,8763441.93,2063120.3,11392354.32,2401362.56,7806839.76,1700454.96,11024727.63
2024-03-13,5199437.92,4640827.01,2875229.58,9402433.43,2211336.31,12225256.99,2572818.81,8371081.28,1821430.99,11824370.73
2024-03-14,5272636.03,4705780.73,2914511.33,9538714.21,2241140.37,12404707.46,2607762.84,8491712.46,1845728.16,11997634.71
2024-03-15,4333657.18,3869083.29,2394497.21,7843226.77,1840935.98,10201650.04,2143221.57,6984721.37,1516571.33,9870821.92
2024-03-16,4215880.15,3766253.53,2328465.79,7633200.13,1789844.3,9930274.61,2085408.45,6801864.45,1475309.1,9614707.55
2024-03-17,4824323.31,4309259.29,2663421.11,8738421.17,2046945.45,11370159.09,2385101.1,7785714.29,1686921.25,11008051.3
2024-03-18,5090897.94,4553971.71,2809439.27,9225058.58,2158773.71,12005538.94,2519515.75,8231208.04,1781563.15,11640709.1
2024-03-19,5249260.01,4698592.12,2895644.01,9515924.8,2224608.95,12386325.52,2598466.26,8496076.43,1836950.06,12018164.48
2024-03-20,5929294.48,5313875.51,3269429.14,10753110.55,2511316.68,13999243.21,2937536.67,9612568.64,2076154.59,13600756.43
2024-03-21,5523575.32,4957413.77,3044465.21,10021426.49,2338092.06,13049051.73,2739363.58,8971409.11,1935629.32,12696620.72
2024-03-22,4725599.24,4241556.81,2603571.14,8577176.12,1999130.21,11170502.11,2342838.66,7679062.37,1655049.63,10870250.56
2024-03-23,4938055.82,4432481.6,2719508.25,8966472.25,2087771.93,11679625.97,2447296.68,8027998.13,1728428.37,11366912.02
2024-03-24,5171964.3,4641078.74,2847159.06,9395054.57,2185372.35,12240117.68,2561422.38,8409238.54,1808598.18,11909561.83
2024-03-25,5770828.53,5176910.68,3175529.91,10487214.08,2436974.37,13665495.37,2855982.37,9383952.95,2016102.16,13293177.66
2024-03-26,6115812.25,5487964.37,3363984.66,11118706.89,2581129.54,14491004.36,3026346.98,9951850.58,2135855.44,14101025.88
2024-03-27,6903018.52,6193543.44,3795427.73,12555018.31,2911639.23,16365923.45,3414044.75,11235933.66,2408898.34,15924283.66
2024-03-28,6563470.9,5891587.0,3607256.94,11942357.02,2766782.07,15570127.72,3246271.98,10692510.55,2289972.62,15157734.71
2024-03-29,6486183.15,5822116.33,3563317.71,11806573.31,2732583.63,15395895.44,3206683.31,10570747.17,2261505.16,14988707.19
2024-03-30,10108509.61,9076367.98,5551039.19,18407718.47,4256123.77,24008222.52,4997006.04,16485962.81,3523282.83,23381732.17
2024-03-31,9269237.06,8322292.1,5088068.86,16886319.37,3900443.37,22027945.98,4579977.24,15122465.07,3228472.4,21453039.46
2024-04-01,9691506.95,8701229.37,5317679.13,17662838.41,4075718.35,23045092.68,4786560.67,15817493.56,3373288.22,22444388.81
2024-04-02,8611821.18,7730183.54,4723323.0,15701544.04,3619517.84,20489873.86,4250649.95,14058023.63,2994893.27,19952543.29
2024-04-03,6506022.47,5837311.87,3566892.55,11867004.08,2732839.61,15488771.56,3208492.43,10620006.32,2260076.56,15076573.3
2024-04-04,3267968.79,2933350.93,1790911.78,5963230.65,1371890.19,7784602.66,1611664.83,5338918.78,1134992.48,7581149.46
2024-04-05,2886230.29,2590538.85,1581062.72,5268813.93,1210919.57,6879338.25,1422733.0,4716901.6,1001700.26,6699500.7
2024-04-06,2978408.01,2673226.01,1630887.99,5439315.46,1248853.15,7103248.5,1467545.44,4869448.74,1033004.14,6917820.58
2024-04-07,3503341.49,3143739.56,1917539.16,6400600.24,1468089.46,8360118.33,1725142.7,5728858.5,1214036.25,8140694.68
2024-04-08,3989279.27,3579522.37,2182619.52,7291398.67,1670734.17,9525362.8,1963478.42,6525653.81,1381430.0,9275157.17
2024-04-09,4429641.79,3974246.78,2422557.13,8099592.82,1854062.58,10583098.23,2179106.56,7248217.12,1532771.25,10304627.96
2024-04-10,4876019.58,4377198.19,2665585.93,8919452.45,2039689.62,11656463.14,2399067.32,7986380.34,1687086.83,11356774.1
2024-04-11,4792289.55,4301546.91,2618738.43,8769886.61,2003477.93,11463085.66,2356641.23,7851558.22,1656855.36,11167725.46
2024-04-12,4193472.14,3764370.8,2290575.76,7677200.18,1752096.97,10036663.97,2061502.14,6873865.06,1449008.86,9779434.71
2024-04-13,4530681.94,4064279.09,2473752.8,8297950.75,1891867.95,10850164.73,2224833.43,7424539.86,1563438.77,10565405.46
2024-04-14,5148069.67,4610518.49,2809693.61,9432566.31,2148396.94,12335998.44,2522820.4,8425839.91,1772416.7,11993162.11
2024-04-15,5064893.05,4532630.95,2763163.95,9283973.78,2112434.51,12143875.43,2479188.28,8286883.04,1741346.24,11798195.43
2024-04-16,5409379.18,4835729.62,2949888.66,9919487.29,2254775.29,12977516.31,2643892.23,8844642.3,1856587.81,12595300.28
2024-04-17,6101247.96,5446155.65,3325819.7,11192797.59,2541659.58,14646031.64,2976421.08,9965193.28,2089595.59,14194426.64
2024-04-18,5596829.33,4995020.01,3049607.27,10271650.0,2330148.7,13443132.84,2728752.47,9143454.84,1915261.76,13027057.43
2024-04-19,4957696.15,4424282.51,2700247.56,9102406.56,2062834.31,11915038.96,2415974.5,8102020.86,1695323.05,11546044.74
2024-04-20,5007118.84,4469045.83,2726047.39,9196919.75,2082165.3,12040945.59,2439421.73,8187338.17,1711366.93,11670419.94
2024-04-21,5544917.71,4949842.53,3017605.29,10188911.22,2304439.32,13342122.83,2700760.35,9071867.89,1894254.89,12934342.24
2024-04-22,6139125.02,5479758.81,3339609.07,11285409.55,2549878.66,14780646.85,2988675.03,10047180.23,2095690.71,14328334.08
2024-04-23,6210232.39,5543388.69,3376904.9,11420809.12,2577886.28,14960701.18,3022144.1,10167999.0,2118652.78,14504103.05
2024-04-24,6829577.48,6094879.9,3712159.61,12564957.74,2833300.29,16462472.69,3321448.9,11184143.47,2327921.42,15957394.7
2024-04-25,6261053.66,5588238.62,3401747.35,11523722.61,2595906.59,15101002.89,3044107.26,10258643.41,2133029.28,14640404.2
2024-04-26,5743406.22,5126605.35,3119219.87,10575309.31,2379874.39,13860695.84,2791499.03,9415042.66,1955556.97,13439691.53
2024-04-27,5986179.09,5342386.55,3249735.29,11026848.92,2479003.11,14455141.22,2907806.4,9815335.03,2036547.78,14014448.52
2024-04-28,7121507.43,6357563.47,3864488.67,13123564.95,2947420.94,17206862.92,3458943.52,11685248.13,2421969.73,16688323.09
2024-04-29,9174327.48,8190076.32,4976410.19,16913453.99,3794786.42,22179979.47,4454134.22,15059570.89,3118061.41,21512517.34
2024-04-30,9927545.45,8862035.38,5382767.75,18309569.21,4103910.2,24015184.05,4817607.52,16301799.3,3371699.84,23292604.56
2024-05-01,9013036.6,8034915.56,4884911.7,16629743.52,3723659.53,21815858.3,4366182.05,14786343.59,3055029.82,21132320.13
2024-05-02,7780878.06,6939775.95,4215373.08,14362207.61,3212700.98,18844599.54,3769541.76,12776218.8,2636928.14,18263861.45
2024-05-03,5226374.14,4659970.57,2830282.14,9650976.57,2156676.76,12665313.19,2530165.15,8582572.47,1769516.96,12271894.64
2024-05-04,2900445.55,2585472.84,1570058.29,5358135.07,1196167.91,7032946.1,1403228.06,4763780.04,981138.34,6813177.68
2024-05-05,3232553.98,2881496.02,1749116.24,5974105.67,1332343.11,7842878.59,1563251.63,5311377.37,1092765.56,7598170.74
2024-05-06,3507794.03,3127950.92,1897268.5,6485438.92,1444931.45,8515711.2,1696263.76,5768016.29,1185461.94,8253387.66
2024-05-07,3974518.43,3542621.38,2148825.02,7351364.86,1636215.65,9654471.15,1920351.71,6535347.75,1341748.55,9353590.3
2024-05-08,4601167.0,4103199.94,2486602.46,8513921.35,1893070.94,11183277.57,2223316.56,7572583.24,1553058.4,10840706.17
2024-05-09,4739761.06,4224146.47,2560451.99,8773972.33,1948938.82,11526957.46,2287916.54,7798979.15,1597801.35,11167479.2
2024-05-10,4502694.16,4013732.63,2431389.08,8338548.05,1850363.59,10956903.21,2173062.58,7413523.08,1517228.41,10618078.04
2024-05-11,4523634.03,4032750.81,2441694.37,8380764.24,1857868.42,11014377.9,2182467.41,7451693.89,1523430.42,10675301.52
2024-05-12,4818710.15,4297057.34,2599898.95,8931103.84,1977885.56,11739793.23,2324556.55,7943322.27,1622225.02,11382330.78
2024-05-13,5020949.84,4475775.83,2707904.68,9309758.01,2059676.93,12239753.2,2420248.05,8277072.8,1688600.77,11863413.57
2024-05-14,5508997.55,4912338.83,2969900.47,10218879.15,2258544.58,13437438.56,2655231.87,9088122.6,1852105.33,13028995.92
2024-05-15,6201315.71,5528222.29,3341757.9,11507810.46,2540872.05,15135085.83,2986910.58,10231722.99,2082963.09,14672003.46
2024-05-16,6081866.97,5421456.83,3276045.19,11290780.1,2490455.21,14852347.33,2928028.6,10038219.66,2041412.6,14397968.44
2024-05-17,5493489.88,4898509.66,2957897.5,10202662.87,2248190.02,13423434.36,2644513.96,9073651.06,1843306.12,13017586.51
2024-05-18,5020809.9,4477236.34,2702280.31,9328614.79,2053531.31,12275698.88,2416097.75,8296702.91,1683690.37,11905778.89
2024-05-19,4977557.29,4438396.1,2677902.19,9252046.86,2034635.82,12177155.45,2394159.75,8228089.2,1668003.56,11810142.59
2024-05-20,5108223.35,4555267.82,2747072.67,9498818.92,2086811.21,12504219.68,2456199.1,8448201.5,1710816.94,12128980.25
2024-05-21,5494889.75,4899879.45,2953799.94,10222023.82,2243443.48,13458691.38,2640934.52,9091031.4,1839050.83,13055005.48
2024-05-22,6676301.9,5951850.17,3587400.69,12424875.53,2724174.87,16362021.25,3206614.96,11047325.9,2232436.1,15868100.51
2024-05-23,6399989.47,5706838.79,3437518.19,11915534.08,2609883.61,15694134.79,3073357.02,10596884.35,2139150.6,15224738.68
2024-05-24,5671303.15,5056122.69,3044881.77,10563194.85,2311360.08,13915477.57,2721808.71,9392422.25,1894009.15,13497493.81
2024-05-25,4901093.43,4370120.08,2630282.4,9132371.81,1996276.04,12032763.17,2351559.39,8121397.91,1635974.56,11673744.74
2024-05-26,4887185.49,4358236.52,2621742.57,9110193.47,1989432.92,12005723.69,2344207.02,8102622.93,1630469.51,11649543.52
2024-05-27,5297780.7,4722794.26,2840841.64,9879635.65,2155297.98,13022088.2,2539257.71,8783978.7,1765711.0,12632183.6
2024-05-28,6949880.9,6194158.19,3725222.66,12965894.64,2825748.94,17093112.52,3328991.07,11525292.44,2314310.36,16578414.16
2024-05-29,9192685.19,8196846.77,4925372.57,17157171.33,3735437.41,22622641.39,4403517.64,15257869.37,3060587.74,21952743.29
2024-05-30,11122566.0,9918421.12,5956943.98,20767607.46,4516967.17,27388172.15,5326207.15,18470005.89,3701001.59,26580663.42
2024-05-31,10530040.26,9389048.35,5637290.07,19669335.18,4273806.35,25944495.08,5039873.91,17491356.04,3501200.75,25178284.57
2024-06-01,10232107.95,9130180.23,5475544.21,19120662.55,4150427.07,25225363.83,4898916.45,17016046.72,3402463.68,24499950.28
2024-06-02,8118165.69,7241805.78,4342520.86,15176579.78,3291004.31,20025684.55,3884097.66,13502171.08,2696992.46,19445271.69
2024-06-03,6233952.18,5564914.25,3333260.79,11658901.66,2525671.55,15386862.05,2983488.24,10379886.95,2071142.8,14952262.34
2024-06-04,3767192.82,3360182.33,2013471.57,7048394.39,1525366.21,9303825.96,1800741.12,6270099.11,1249778.71,9034259.61
2024-06-05,4057062.71,3619938.81,2167510.45,7593853.99,1641764.49,10025651.01,1939153.8,6757564.6,1345520.19,9738952.37
2024-06-06,4177280.1,3727358.98,2230821.91,7822080.71,1689412.1,10328841.02,1995881.86,6960935.52,1384550.88,10034448.84
2024-06-07,3812842.85,3401795.36,2035363.75,7142590.9,1541110.49,9433308.46,1820808.95,6355533.16,1262800.06,9163930.28
2024-06-08,4126846.87,3683696.27,2202081.1,7733986.31,1667040.27,10216228.98,1970890.96,6885017.26,1366560.72,9929758.74
2024-06-09,4506837.12,4021596.06,2403857.08,8449579.22,1819459.8,11163522.74,2150798.94,7519640.52,1490947.24,10847623.88
2024-06-10,4810661.84,4291672.19,2564858.65,9022901.65,1940967.65,11923159.73,2294301.53,8027911.73,1590043.77,11583612.02
2024-06-11,5120162.2,4568409.18,2728752.53,9607342.8,2064619.63,12697767.93,2441245.94,8549061.81,1691477.57,12338539.26
2024-06-12,5355236.03,4779862.14,2852862.72,10052552.71,2158131.07,13288605.76,2553198.0,8948417.66,1768623.25,12918003.92
2024-06-13,5006700.27,4467876.04,2666095.34,9402157.23,2016478.79,12431099.07,2385573.63,8367763.64,1652113.13,12082656.98
2024-06-14,4947866.89,4415613.09,2633685.52,9295485.95,1991603.77,12292297.88,2356705.46,8273260.82,1631730.35,11949057.0
2024-06-15,5000027.26,4462227.04,2660358.15,9397333.46,2011407.98,12429240.03,2380611.6,8364014.6,1647888.23,12083022.25
2024-06-16,5132160.51,4580594.45,2729542.06,9649630.21,2063340.46,12765257.13,2442762.87,8589391.05,1690505.71,12411579.23
2024-06-17,5342105.63,4765484.85,2840036.07,10048496.5,2146475.82,13295324.52,2540324.21,8939743.12,1757602.26,12920924.37
2024-06-18,5630735.38,5024716.56,2992253.12,10595754.98,2261109.07,14021959.96,2677418.18,9429896.57,1852011.96,13632620.63
2024-06-19,5546657.75,4947250.42,2946364.04,10441823.14,2226028.04,13820765.82,2635063.71,9288309.31,1822278.8,13431142.76
2024-06-20,5323580.43,4751364.85,2826706.27,10025982.86,2135236.31,13272773.8,2529695.16,8924185.1,1748992.79,12907696.38
2024-06-21,4765846.85,4251831.93,2529523.8,8979277.52,1910403.37,11889267.25,2262812.06,7989207.34,1564099.72,11558134.38
2024-06-22,4727625.33,4222853.7,2508208.09,8910919.85,1893960.47,11800901.68,2246472.04,7937999.25,1552433.82,11486797.8
2024-06-23,4766126.83,4269274.06,2527597.6,8987176.2,1908254.61,11904053.52,2270239.12,8028538.0,1568482.96,11620592.33
2024-06-24,5119790.94,4591562.4,2714040.93,9658019.17,2048640.8,12794951.3,2440622.69,8638141.97,1685795.81,12505930.52
2024-06-25,5540454.9,4976845.52,2935833.45,10455852.16,2215653.69,13854439.72,2644337.6,9366803.75,1826069.7,13564099.63
2024-06-26,5842286.85,5257561.22,3094501.46,11029988.54,2334974.81,14617851.78,2792348.78,9899175.26,1927818.92,14338457.68
2024-06-27,5659622.14,5096317.88,2996519.29,10689509.95,2260630.72,14169197.33,2705605.17,9599499.67,1867484.98,13907718.74
2024-06-28,6185749.46,5572900.16,3273737.04,11688017.66,2469320.03,15495559.84,2957411.51,10501486.2,2040800.64,15218152.89
2024-06-29,6184088.47,5570692.41,3271515.53,11689674.06,2467195.79,15500573.75,2955032.49,10501615.1,2038671.3,15221980.08
2024-06-30,6410291.04,5776928.94,3389790.56,12122233.07,2555927.52,16077072.17,3063181.24,10894852.57,2112777.51,15795751.24
2024-07-01,6100461.57,5504018.57,3224628.14,11541061.42,2430951.8,15309078.28,2917280.2,10384405.45,2011663.52,15059288.05
