date_str,year,revenue,cogs,revenue_cal_median,revenue_cal_resid,revenue_robust_z,cogs_robust_z,gross_margin_rate,sessions,orders_count,orders_per_1000_sessions,expected_orders_per_1000_sessions,active_promo_count,promo_flag,avg_promo_discount_value,promo_discount_value,promo_impact_score,promo_projected_flag,promo_order_share,promo_discount_rate,promo_margin_pressure_actual,promo_margin_pressure,is_holiday,is_tet_window,is_hung_kings_day,is_lunar_holiday,is_black_friday_window,is_double_day_sale,is_1111_1212,is_year_end_window,is_new_year_window,is_payday_window,is_month_start,is_month_end,stockout_rate,stockout_sku_days,active_sku_days,fill_rate,stock_pressure_index,expected_lost_sales_index,cod_order_share,cancel_rate,top_product_revenue_share,units,discount_amount,gross_before_discount,revenue_shock_7d,cogs_shock_7d
2016-09-01,2016,12403544.62,10116739.78,3168900.6,9234644.02,8.935915118992487,7.228429565088787,0.18436704265268325,21640.0,476.0,21.996303142329023,9.432531559194814,1.0,1.0,10.0,10.0,10.0,0.0,0.0378151260504201,0.1000000352779437,0.0037815139390819,2.497895269242834,0,0,0,0,0,0,0,0,0,1,1,0,0.0,0.0,0.0,0.0,0.0,0.5550991047127014,0.1365546218487394,0.088235294117647,0.8380009291738743,2511.0,51023.4,12403544.62,0.176388368699659,0.1805619672868665
2016-08-28,2016,15158669.18,12249721.23,3068330.2800000003,12090338.899999999,8.547266855060581,8.666425082681316,0.19189995608836152,30591.0,567.0,18.53486319505737,7.32345207306492,0.0,0.0,0.0,0.0,0.0,0.0,0.0,0.0,0.0,0.0069575658726665,0,0,0,0,0,0,0,0,0,1,0,0,0.0,0.0,0.0,0.0,0.0,0.8079088554832187,0.1428571428571428,0.0828924162257495,0.8730768105594345,2837.0,0.0,15158669.18,0.2376597595996001,0.2395792286982909
2016-08-29,2016,14043471.1,11328872.12,3646382.12,10397088.98,8.33399974443627,7.790964194282426,0.19329971633579968,27102.0,525.0,19.371264113349568,7.461567304086989,0.0,0.0,0.0,0.0,0.0,0.0,0.0,0.0,0.0,0.0069403206263066,0,0,0,0,0,0,0,0,0,1,0,0,0.0,0.0,0.0,0.0,0.0,0.7916997121949796,0.1733333333333333,0.0914285714285714,0.8635539806109616,2775.0,0.0,14043471.1,1.1002252554945795,1.1102178385661692
2015-03-30,2015,14251354.04,12890205.46,4491777.525,9759576.514999999,7.752658918732547,6.592315938804802,0.09551012319107317,21988.0,613.0,27.8788430052756,8.880139982502188,1.0,1.0,12.0,12.0,12.0,0.0,1.0,0.1199999975581267,0.1199999975581267,2.5649493574615367,0,0,0,0,0,0,0,0,0,1,0,0,0.0,0.0,0.0,0.0,0.0,0.7599301025343372,0.1435562805872756,0.0750407830342577,0.8516514075517764,3058.0,1710162.45,14251354.04,0.0111502507123829,0.0051755299041309
2017-03-31,2017,16556662.03,15209810.1,4222008.1450000005,12334653.884999998,7.637360448422021,7.15531212173662,0.08134803546509306,24915.0,656.0,26.32952036925547,9.373668512995312,1.0,1.0,12.0,12.0,12.0,0.0,1.0,0.1199999943466865,0.1199999943466865,2.5737524459472527,0,0,0,0,0,0,0,0,0,1,0,1,0.6732673267326733,340.0,505.0,0.9605922772277228,16774.455445544554,0.6226260709844413,0.1570121951219512,0.0792682926829268,0.8735417834425327,3350.0,1986799.35,16556662.03,1.0367852562353124,1.0617961228999706
2016-08-30,2016,13812380.3,11037531.68,3269420.725,10542959.575000001,7.350803169179199,6.101775401525928,0.20089575871292806,27808.0,498.0,17.908515535097813,7.61844628514123,1.0,1.0,10.0,10.0,10.0,0.0,0.0140562248995983,0.099999981474595,0.0014056222295625,2.4013403064602192,0,0,0,0,0,0,0,0,0,1,0,0,0.0,0.0,0.0,0.0,0.0,0.8086468444707159,0.1265060240963855,0.0823293172690763,0.8687186266834176,2527.0,32387.95,13812380.3,0.65643385637784,0.6633534382519174
2012-12-28,2012,8573663.31,6682336.48,2020947.6400000001,6552715.67,6.992955609323856,5.091862170032229,0.2205972828200551,0.0,558.0,0.0,6.315190749659397,0.0,0.0,0.0,0.0,0.0,0.0,0.0,0.0,0.0,0.0,0,0,0,0,0,0,0,1,0,1,0,0,0.0,0.0,0.0,0.0,0.0,0.6735036898915356,0.1415770609318996,0.0663082437275985,0.5705135906485695,3334.0,0.0,8573663.31,0.3530545942228368,0.3372036527595255
2018-06-01,2018,19245165.78,15287542.6,5475155.765000001,13770010.015,6.6581083476770235,5.351339925990635,0.2056424571885398,47179.0,725.0,15.367006507132407,7.203991936816364,0.0,0.0,0.0,0.0,0.0,0.0,0.0,0.0,0.0,0.0,0,0,0,0,0,0,0,0,0,1,1,0,0.0,0.0,0.0,0.0,0.0,0.9106366024660952,0.1517241379310344,0.1006896551724138,0.8355221131277778,3466.0,0.0,19245165.78,0.7671977976558413,0.7936927913088094
2015-03-31,2015,14813965.34,13306811.36,4693887.34,10120078.0,6.578985393865565,5.8787082995755915,0.10173872730284114,23712.0,624.0,26.31578947368421,10.65284517623316,1.0,1.0,12.0,12.0,12.0,0.0,1.0,0.1200000046712678,0.1200000046712678,2.579825390673101,0,0,0,0,0,0,0,0,0,1,0,1,0.6131687242798354,298.0,486.0,0.963785390946502,14539.456790123457,0.7169284358642102,0.1314102564102564,0.094551282051282,0.8663207602625312,3234.0,1777675.91,14813965.34,0.9475104785181884,0.9594285352856472
2014-08-31,2014,11951398.65,9415326.58,3068330.2800000003,8883068.370000001,6.279886484417575,5.939198120148392,0.2121987680496291,26386.0,460.0,17.43348745546881,7.3861658168583615,1.0,1.0,10.0,10.0,10.0,0.0,0.1108695652173913,0.1000000083896143,0.011086957451892,2.40124465266078,0,0,0,0,0,0,0,0,0,1,0,1,0.6466019417475728,333.0,515.0,0.960001359223301,17061.238834951455,0.8291379257517291,0.1739130434782608,0.0652173913043478,0.8696135406695776,2468.0,119195.0,11951398.65,0.3433529904952798,0.3261122911053343
2018-08-28,2018,12207075.48,9954369.46,3269420.725,8937654.755,6.231546315881945,5.20634929993172,0.18454100850697774,33919.0,384.0,11.321088475485716,7.456100320568997,0.0,0.0,0.0,0.0,0.0,0.0,0.0,0.0,0.0,0.0041478447766297,0,0,0,0,0,0,0,0,0,1,0,0,0.0,0.0,0.0,0.0,0.0,0.7367086162483466,0.1458333333333333,0.0833333333333333,0.8158473375803194,1906.0,0.0,12207075.48,0.1523621948846251,0.134248406278841
2014-03-31,2014,12312523.89,11321960.71,4491777.525,7820746.365,6.212521513056902,5.462399576302628,0.0804516757774185,23037.0,583.0,25.30711464166341,7.559250624398208,1.0,1.0,12.0,12.0,12.0,0.0,1.0,0.1199999994477168,0.1199999994477168,2.576772015738113,0,0,0,0,0,0,0,0,0,1,0,1,0.6673596673596673,321.0,481.0,0.958212681912682,15373.964656964656,0.8214115573693366,0.1252144082332761,0.072041166380789,0.85731194469126,2947.0,1477502.86,12312523.89,0.6553601007801306,0.6584803744079183
2016-01-30,2016,6920879.78,5546795.93,2232673.4000000004,4688206.38,6.109813629747014,5.734139354301039,0.19854178857012317,12513.0,249.0,19.899304723087987,9.216891578383072,0.0,0.0,0.0,0.0,0.0,0.0,0.0,0.0,0.0,0.0,0,0,0,0,0,0,0,0,0,1,0,0,0.0,0.0,0.0,0.0,0.0,0.374921478569182,0.1606425702811245,0.1004016064257028,0.8278421966751748,1328.0,0.0,6920879.78,0.0399412965740531,0.0285537604875857
2017-06-02,2017,17528852.88,14154253.77,5475155.765000001,12053697.114999998,5.828232607988552,4.790012944014443,0.19251682543644005,34130.0,647.0,18.956929387635512,7.188195643817847,0.0,0.0,0.0,0.0,0.0,0.0,0.0,0.0,0.0,0.0,0,0,0,0,0,0,0,0,0,1,0,0,0.0,0.0,0.0,0.0,0.0,0.897670583214598,0.1236476043276661,0.0834621329211746,0.8997342956762839,3167.0,0.0,17528852.88,0.5093530251384687,0.5065810852826867
2014-03-30,2014,12784107.1,11757805.12,4240123.5,8543983.6,5.765895022979368,5.289753231041558,0.08027951987354678,21014.0,577.0,27.45788521937756,10.05789135138296,1.0,1.0,12.0,12.0,12.0,0.0,1.0,0.1200000053191043,0.1200000053191043,2.5649493574615367,0,0,0,0,0,0,0,0,0,1,0,0,0.0,0.0,0.0,0.0,0.0,0.7410560789310319,0.1594454072790294,0.0797227036395147,0.8571638209259573,3008.0,1534092.92,12784107.1,0.031912293700639,0.0357685233134199
2016-12-29,2016,7928143.58,7951767.41,2326824.81,5601318.77,5.738472865670923,7.067277309364595,-0.0029797429576824182,15158.0,479.0,31.60047499670141,11.5549686365137,1.0,1.0,20.0,20.0,40.0,0.0,1.0,0.199999994197885,0.199999994197885,3.244522436384991,0,0,0,0,0,0,0,1,0,1,0,0,0.0,0.0,0.0,0.0,0.0,0.4637458138590144,0.1524008350730689,0.0939457202505219,0.7894356877436177,2723.0,1585628.67,7928143.58,0.8633802086918168,0.8580219884496274
2016-08-01,2016,10793582.2,8684114.27,3646382.12,7147200.079999999,5.728984695113658,5.218341168283967,0.1954372414007279,26556.0,382.0,14.384696490435308,7.461567304086989,0.0,0.0,0.0,0.0,0.0,0.0,0.0,0.0,0.0,0.0069403206263066,0,0,0,0,0,0,0,0,0,1,1,0,0.0,0.0,0.0,0.0,0.0,0.7916997121949796,0.1623036649214659,0.1020942408376963,0.8828368426193113,1829.0,0.0,10793582.2,0.2841656476788342,0.2950235385665242
2014-08-28,2014,13900846.53,11188888.43,4445347.68,9455498.85,5.471365134510433,4.466127405885242,0.19509301783507998,24844.0,587.0,23.627435195620677,12.09248331237303,0.0,0.0,0.0,0.0,0.0,0.0,0.0,0.0,0.0,0.0031038132071469,0,0,0,0,0,0,0,0,0,1,0,0,0.0,0.0,0.0,0.0,0.0,0.8640571130060531,0.151618398637138,0.0766609880749574,0.8765463069967437,3025.0,0.0,13900846.53,0.5689607792697633,0.5736550962131949
2013-03-30,2013,11636994.38,10600188.31,3946866.21,7690128.170000001,5.459447843107484,4.797466142887352,0.0890956922503902,21034.0,544.0,25.86288865646097,6.315190749659397,1.0,1.0,12.0,12.0,12.0,0.0,1.0,0.1200000003781045,0.1200000003781045,2.5649493574615367,0,0,0,0,0,0,0,0,0,1,0,0,0.0,0.0,0.0,0.0,0.0,0.6683544303797468,0.1488970588235294,0.0753676470588235,0.7376186879635982,2868.0,1396439.33,11636994.38,0.3074092604546499,0.326785026618826
2015-12-28,2015,8179976.67,8163764.62,2286683.02,5893293.65,5.348797845097456,5.626221845121103,0.0019819188555216033,14045.0,562.0,40.01423994304023,17.056357046407506,1.0,1.0,20.0,20.0,40.0,0.0,1.0,0.2000000031784931,0.2000000031784931,3.244522412648521,0,0,0,0,0,0,0,1,0,1,0,0,0.0,0.0,0.0,0.0,0.0,0.4611794140488002,0.1120996441281138,0.0854092526690391,0.8164242510649835,3107.0,1635995.36,8179976.67,0.3313316288143613,0.3437329546434609
2014-12-28,2014,8484445.21,8405135.96,2028034.94,6456410.270000001,5.276714110899858,5.635524616070191,0.009347605887833883,14412.0,567.0,39.34221482098251,13.719635219110645,1.0,1.0,20.0,20.0,40.0,0.0,1.0,0.1999999997642745,0.1999999997642745,3.1445224315852744,0,0,0,0,0,0,0,1,0,1,0,0,0.0,0.0,0.0,0.0,0.0,0.4993474647798298,0.1428571428571428,0.0952380952380952,0.7920781994795633,3234.0,1696889.04,8484445.21,0.123497789776026,0.1268737509507337
2017-11-01,2017,7083914.55,5591633.48,2080412.08,5003502.47,5.244064705873669,4.23774146667074,0.21065768925741762,14321.0,255.0,17.806019132742126,8.991825613079019,0.0,0.0,0.0,0.0,0.0,0.0,0.0,0.0,0.0,0.0,0,0,0,0,0,0,0,0,0,1,1,0,0.0,0.0,0.0,0.0,0.0,0.3965068954312952,0.1098039215686274,0.0705882352941176,0.8274281385847604,1285.0,0.0,7083914.55,0.240892509679231,0.2214107940121024
2014-08-30,2014,11574198.37,9088009.4,2837188.07,8737010.299999999,5.226129088286474,3.926001671758586,0.21480442018724438,24035.0,468.0,19.47160391096318,8.85558583106267,1.0,1.0,10.0,10.0,10.0,0.0,0.0448717948717948,0.0999999621555806,0.0044871777890324,2.405469288824317,0,0,0,0,0,0,0,0,0,1,0,0,0.0,0.0,0.0,0.0,0.0,0.8081577007686118,0.126068376068376,0.0811965811965812,0.8345816349624774,2471.0,60775.12,11574198.37,0.6961713277728978,0.7012570991743364
2018-03-31,2018,11278748.95,10156610.77,3946866.21,7331882.739999999,5.205118890861084,4.500446493345223,0.09949136956364293,28256.0,473.0,16.73980747451869,7.657352748912595,1.0,1.0,12.0,12.0,12.0,0.0,1.0,0.1199999925523654,0.1199999925523654,2.5649493574615367,0,0,0,0,0,0,0,0,0,1,0,1,0.681640625,349.0,512.0,0.96145859375,19260.4375,0.6171535797015447,0.1458773784355179,0.1120507399577167,0.8256990351512992,2391.0,1353449.79,11278748.95,0.6777609538228686,0.6690937889352574
2016-10-29,2016,7748034.04,6291672.94,3099623.67,4648410.37,5.136008891069121,5.288011823666954,0.18796524285791594,16178.0,264.0,16.318457164049946,8.840017248814144,0.0,0.0,0.0,0.0,0.0,0.0,0.0,0.0,0.0,0.0,0,0,0,0,0,0,0,0,0,1,0,0,0.0,0.0,0.0,0.0,0.0,0.4930861967608989,0.1553030303030303,0.0606060606060606,0.8455997038959834,1443.0,0.0,7748034.04,0.5513675000222414,0.5868903288984564
2015-10-30,2015,7246849.63,5898873.81,2894002.295,4352847.335,5.017308334483848,5.335706211073856,0.18600852630082795,16283.0,269.0,16.520297242522876,8.263874047161075,0.0,0.0,0.0,0.0,0.0,0.0,0.0,0.0,0.0,0.0,0,0,0,0,0,0,0,0,0,1,0,0,0.0,0.0,0.0,0.0,0.0,0.4793667957551677,0.1524163568773234,0.0817843866171003,0.9045036318767938,1428.0,0.0,7246849.63,0.3749824499056871,0.380391806646182
2017-03-30,2017,17516038.82,16224964.49,5310429.045,12205609.775,4.949364528098758,5.658406888929727,0.07370812221116098,26971.0,725.0,26.88072374031367,11.02888346026728,1.0,1.0,12.0,12.0,12.0,0.0,1.0,0.1199999920986701,0.1199999920986701,2.5649493574615367,0,0,0,0,0,0,0,0,0,1,0,0,0.0,0.0,0.0,0.0,0.0,0.7002258496048466,0.1144827586206896,0.0951724137931034,0.8919272390499919,3435.0,2101924.52,17516038.82,0.2154490817852152,0.2383467659358557
2017-06-01,2017,17639270.88,14102311.81,5807751.43,11831519.45,4.927361384416579,3.935562992057371,0.20051617178861525,35023.0,657.0,18.759101162093483,8.001373626373626,0.0,0.0,0.0,0.0,0.0,0.0,0.0,0.0,0.0,0.0,0,0,0,0,0,0,0,0,0,1,1,0,0.0,0.0,0.0,0.0,0.0,0.8655457560730433,0.1567732115677321,0.0928462709284627,0.8925097883637694,3218.0,0.0,17639270.88,0.5707132488987413,0.5692440811755254
2018-03-30,2018,12176690.89,10927925.46,4222008.1450000005,7954682.745,4.925373662108892,4.498076505080099,0.10255375957892938,29367.0,498.0,16.957809786495048,9.470417142296284,1.0,1.0,12.0,12.0,12.0,0.0,1.0,0.1199999953353501,0.1199999953353501,2.5693509017043947,0,0,0,0,0,0,0,0,0,1,0,0,0.0,0.0,0.0,0.0,0.0,0.613931537552852,0.1385542168674698,0.0963855421686747,0.8431904889700199,2397.0,1461202.85,12176690.89,0.2088761223732673,0.2034286698226514
2016-10-28,2016,7095459.64,5821255.79,2894002.295,4201457.345,4.842808702374781,5.220440177899688,0.17958017022840816,16013.0,290.0,18.11028539311809,8.626582532843415,0.0,0.0,0.0,0.0,0.0,0.0,0.0,0.0,0.0,0.0,0,0,0,0,0,0,0,0,0,1,0,0,0.0,0.0,0.0,0.0,0.0,0.4779127620519756,0.1862068965517241,0.0862068965517241,0.865550421198647,1463.0,0.0,7095459.64,0.0434903414860881,0.0677617838049081
2017-12-29,2017,6520226.98,6483039.79,2020947.6400000001,4499279.34,4.801560495385867,4.8783813642824265,0.005703358198122178,17291.0,391.0,22.6129200161934,9.86316593734806,1.0,1.0,20.0,20.0,40.0,0.0,1.0,0.1999999929450308,0.1999999929450308,3.244522433970265,0,0,0,0,0,0,0,1,0,1,0,0,0.0,0.0,0.0,0.0,0.0,0.4311349335819156,0.1406649616368286,0.0792838874680307,0.718713132694346,2213.0,1304045.35,6520226.98,0.3351536805386439,0.3229933513998229
2018-08-01,2018,13786351.91,10884999.4,3996506.07,9789845.84,4.788598601818622,3.5209489954850217,0.2104510699379064,34337.0,462.0,13.454873751346945,9.266225837651197,0.0,0.0,0.0,0.0,0.0,0.0,0.0,0.0,0.0,0.0040425537777943,0,0,0,0,0,0,0,0,0,1,1,0,0.0,0.0,0.0,0.0,0.0,0.7642134942477813,0.1688311688311688,0.0779220779220779,0.8439334245893335,2212.0,0.0,13786351.91,0.6727856775794674,0.6692812806214533
2018-06-02,2018,17529108.34,13707707.44,5291724.53,12237383.809999999,4.78034330148295,4.871958100047266,0.2180031537188845,29884.0,646.0,21.616918752509704,7.514132083275886,0.0,0.0,0.0,0.0,0.0,0.0,0.0,0.0,0.0,0.0,0,0,0,0,0,0,0,0,0,1,0,0,0.0,0.0,0.0,0.0,0.0,0.9036311666093164,0.1253869969040247,0.088235294117647,0.8414175401234356,3193.0,0.0,17529108.34,0.5110221489063268,0.5098298509777154
2016-04-28,2016,17388183.19,13978683.94,5557754.18,11830429.010000002,4.778897731790042,5.1927484244201345,0.19608139693172866,34354.0,677.0,19.70658438609769,8.81904382998475,0.0,0.0,0.0,0.0,0.0,0.0,0.0,0.0,0.0,0.0717293173115339,0,0,0,0,0,0,0,0,0,1,0,0,0.0,0.0,0.0,0.0,0.0,0.9757193732853552,0.1329394387001477,0.1004431314623338,0.8983125792568786,3231.0,0.0,17388183.19,0.6105812757871266,0.6066311303621711
2016-04-29,2016,16966030.5,13610990.42,5105964.56,11860065.940000001,4.770170588346312,4.357710828838211,0.1977504449258181,30530.0,655.0,21.454307238781524,7.702365427646647,0.0,0.0,0.0,0.0,0.0,0.0,0.0,0.0,0.0,0.0774803150222807,0,0,0,0,0,0,0,0,0,1,0,0,0.0,0.0,0.0,0.0,0.0,1.0646782284204386,0.1755725190839694,0.0931297709923664,0.9020699797751748,3303.0,0.0,16966030.5,0.5427356526741592,0.543468325390411
2016-11-01,2016,7719179.86,6108632.49,2495899.61,5223280.25,4.749648344983115,4.215766143522687,0.20864229091819608,9921.0,282.0,28.424553976413662,8.772593192474345,0.0,0.0,0.0,0.0,0.0,0.0,0.0,0.0,0.0,0.0,0,0,0,0,0,0,0,0,0,1,1,0,0.0,0.0,0.0,0.0,0.0,0.4183488365443217,0.1418439716312056,0.0851063829787234,0.8540555239763515,1505.0,0.0,7719179.86,0.0653509648583667,0.060794313026725
2015-05-30,2015,14386454.27,11671007.33,5035415.380000001,9351038.889999999,4.732304130295953,5.343084216557217,0.18875025694569558,30967.0,581.0,18.761907837375272,8.965052163909714,0.0,0.0,0.0,0.0,0.0,0.0,0.0,0.0,0.0,0.0,0,0,0,0,0,0,0,0,0,1,0,0,0.0,0.0,0.0,0.0,0.0,0.9227122651733548,0.1308089500860585,0.0912220309810671,0.8777746575355431,2993.0,0.0,14386454.27,0.0862525446485248,0.0788733235601082
2015-12-29,2015,7760149.23,7689336.24,2382954.42,5377194.8100000005,4.668485790362481,5.167354308928691,0.009125209825378606,16001.0,521.0,32.56046497093932,14.765662362505978,1.0,1.0,20.0,20.0,40.0,0.0,1.0,0.1999999889177389,0.1999999889177389,3.244522427130104,0,0,0,0,0,0,0,1,0,1,0,0,0.0,0.0,0.0,0.0,0.0,0.5010273334299772,0.1689059500959693,0.1055662188099808,0.76937859412683,2876.0,1552029.76,7760149.23,0.913407577829189,0.932159468681751
2017-10-29,2017,7644126.36,6130363.53,3041158.445,4602967.915000001,4.661672680440292,4.47060911463807,0.19802954042219678,19456.0,291.0,14.956825657894736,9.023249687150102,0.0,0.0,0.0,0.0,0.0,0.0,0.0,0.0,0.0,0.0,0,0,0,0,0,0,0,0,0,1,0,0,0.0,0.0,0.0,0.0,0.0,0.4426878486060348,0.1374570446735395,0.0996563573883161,0.7586844966806645,1497.0,0.0,7644126.36,0.1364377052692023,0.1209289296081243
2017-04-01,2017,15808755.61,14645912.76,5214391.75,10594363.86,4.6067048619265,5.167667388659865,0.07355688699902671,38431.0,599.0,15.586375582212275,8.968919245230948,1.0,1.0,12.0,12.0,12.0,0.0,1.0,0.1199999991650196,0.1199999991650196,2.628131180396668,0,0,0,0,0,0,0,0,0,1,1,0,0.0,0.0,0.0,0.0,0.0,0.879997465908551,0.1669449081803005,0.0784641068447412,0.8673220747109075,3100.0,1897050.66,15808755.61,0.6866998450132219,0.6894420998851672
2016-02-25,2016,7677182.49,6237906.21,3004622.735,4672559.755000001,4.571464975574983,4.217013768441298,0.18747454315105128,17420.0,281.0,16.130884041331804,8.180798815520248,0.0,0.0,0.0,0.0,0.0,0.0,0.0,0.0,0.0,0.0556237258428352,0,0,0,0,0,0,0,0,0,1,0,0,0.0,0.0,0.0,0.0,0.0,0.5581460924703189,0.1459074733096085,0.0604982206405693,0.8620001098866675,1455.0,0.0,7677182.49,0.2070721363152483,0.199979747475953
2016-06-03,2016,14905219.23,12099283.96,5475155.765000001,9430063.465,4.559646957921302,3.7721700332187145,0.1882518617607746,32205.0,561.0,17.419655333022824,7.233290499093481,0.0,0.0,0.0,0.0,0.0,0.0,0.0,0.0,0.0,0.0,0,0,0,0,0,0,0,0,0,0,0,0,0.0,0.0,0.0,0.0,0.0,0.9466088398479202,0.1800356506238859,0.0837789661319073,0.9085851245141332,2775.0,0.0,14905219.23,0.2518210298371998,0.257357946448404
2015-10-29,2015,7420192.54,6015934.85,2846518.01,4573674.53,4.533363418888459,4.806758362203504,0.18924814719160918,14579.0,286.0,19.617257699430688,9.792917221185142,0.0,0.0,0.0,0.0,0.0,0.0,0.0,0.0,0.0,0.0,0,0,0,0,0,0,0,0,0,1,0,0,0.0,0.0,0.0,0.0,0.0,0.4776423087721398,0.1398601398601398,0.0944055944055944,0.8871239532552615,1520.0,0.0,7420192.54,0.4533808785238933,0.4432567031089373
2015-02-25,2015,8502202.85,7083827.01,3149559.045,5352643.805,4.528026135120577,4.620132213837508,0.1668245118381291,14450.0,375.0,25.951557093425603,9.924382811664458,1.0,1.0,15.0,15.0,60.0,0.0,0.4453333333333333,0.1500000114306466,0.0668000050904479,2.8055279082808564,0,0,0,0,0,0,0,0,0,1,0,0,0.0,0.0,0.0,0.0,0.0,0.5010348906088553,0.1466666666666666,0.0693333333333333,0.8851010791038333,1942.0,288697.6,8502202.85,0.1024966294543637,0.0929431752955645
2016-08-02,2016,9744357.22,7715286.95,3269420.725,6474936.495000001,4.514480338191001,3.3553496194987407,0.20823028386473708,29110.0,328.0,11.267605633802818,7.61844628514123,0.0,0.0,0.0,0.0,0.0,0.0,0.0,0.0,0.0,0.0034450336618484,0,0,0,0,0,0,0,0,0,1,0,0,0.0,0.0,0.0,0.0,0.0,0.8279207414681393,0.1067073170731707,0.0914634146341463,0.9137057477455652,1603.0,0.0,9744357.22,0.1762269318884156,0.1783604765382372
2017-04-02,2017,14750037.65,13407725.54,5308117.355,9441920.295,4.466614104980939,5.98807333554875,0.09100397855594634,40207.0,553.0,13.753823961001816,8.396140096805937,1.0,1.0,12.0,12.0,12.0,0.0,1.0,0.1200000001355928,0.1200000001355928,2.619556330682648,0,0,0,0,0,0,0,0,0,1,0,0,0.0,0.0,0.0,0.0,0.0,0.960623415735977,0.1681735985533453,0.1012658227848101,0.8647361888513146,2831.0,1770004.52,14750037.65,0.4084200735743328,0.4194247998813537
2017-09-28,2017,7777371.32,7033425.19,3168900.6,4608470.720000001,4.459392597385925,4.168295276820009,0.0956552155465299,21195.0,295.0,13.918376975701817,9.333333333333334,1.0,1.0,10.0,10.0,10.0,0.0,1.0,0.0999999971712807,0.0999999971712807,2.497895270127577,0,0,0,0,0,0,0,0,0,1,0,0,0.0,0.0,0.0,0.0,0.0,0.5610600726939698,0.1389830508474576,0.1050847457627118,0.8282595098637304,1490.0,777737.11,7777371.32,0.5010776202020215,0.4956172537551849
2018-02-28,2018,8409092.75,6627677.09,3149559.045,5259533.705,4.449260392133931,4.15115901254058,0.2118439780557778,23064.0,280.0,12.140131807145336,7.654020835231435,0.0,0.0,0.0,0.0,0.0,0.0,0.0,0.0,0.0,0.0473484795292871,0,0,0,0,0,0,0,0,0,1,0,1,0.6606786427145709,331.0,501.0,0.9632724550898204,15237.892215568863,0.4759393031580917,0.1607142857142857,0.1035714285714285,0.8558983809519761,1417.0,0.0,8409092.75,0.7462132708777154,0.7707414036168849
2012-12-29,2012,7842913.37,6260959.87,2087384.34,5755529.03,4.447701291352271,3.6060946595364802,0.2017048289798973,0.0,459.0,0.0,6.315190749659397,0.0,0.0,0.0,0.0,0.0,0.0,0.0,0.0,0.0,0.0,0,0,0,0,0,0,0,1,0,1,0,0,0.0,0.0,0.0,0.0,0.0,0.6735036898915356,0.167755991285403,0.1067538126361655,0.5899904782449484,2668.0,0.0,7842913.37,0.9713434615452596,0.944863536775769
2016-03-30,2016,14545392.64,13412468.3,5306026.93,9239365.71,4.364288188076466,4.8543766559075365,0.07788887987007272,28423.0,604.0,21.25039580621328,11.898557861638228,1.0,1.0,12.0,12.0,12.0,0.0,1.0,0.1200000070950301,0.1200000070950301,2.579182934784583,0,0,0,0,0,0,0,0,0,1,0,0,0.0,0.0,0.0,0.0,0.0,0.6965336843126427,0.1639072847682119,0.0894039735099337,0.909110417128638,3061.0,1745447.22,14545392.64,0.1664118920478768,0.1707965241677219
2012-08-28,2012,9508676.62,7439851.59,3269420.725,6239255.895,4.3501581960951405,3.1276533371764144,0.21757234078699791,0.0,391.0,0.0,6.315190749659397,0.0,0.0,0.0,0.0,0.0,0.0,0.0,0.0,0.0,0.0,0,0,0,0,0,0,0,0,0,1,0,0,0.0,0.0,0.0,0.0,0.0,0.6735036898915356,0.1304347826086956,0.0869565217391304,0.7958292118256937,2016.0,0.0,9508676.62,0.2854593256711512,0.2918783291381102
2014-12-29,2014,7063840.79,6908131.26,2286683.02,4777157.77,4.335784487146091,4.436371776159158,0.0220431822614734,14420.0,538.0,37.30929264909848,17.056357046407506,1.0,1.0,20.0,20.0,40.0,0.0,1.0,0.2000000059457738,0.2000000059457738,3.244522412648521,0,0,0,0,0,0,0,1,0,1,0,0,0.0,0.0,0.0,0.0,0.0,0.4938138989462165,0.1319702602230483,0.0892193308550185,0.7337477379670325,3049.0,1412768.2,7063840.79,1.2506633666723517,1.254499950782114
2014-07-31,2014,12499623.55,10113088.37,5413412.1899999995,7086211.360000001,4.275541652732866,3.1125212994350626,0.19092856440464573,19708.0,513.0,26.030038563020096,12.085043495747623,0.0,0.0,0.0,0.0,0.0,0.0,0.0,0.0,0.0,0.0,0,0,0,0,0,0,0,0,0,1,0,1,0.6836734693877551,335.0,490.0,0.9650351020408164,13473.836734693878,0.7731385904220448,0.1345029239766081,0.0935672514619883,0.8460593927246712,2647.0,0.0,12499623.55,0.5758953293248279,0.5894278303683516
2012-09-27,2012,7556892.66,6017108.13,3168900.6,4387992.0600000005,4.246046139521142,3.1596188695713674,0.20375895216169448,0.0,349.0,0.0,6.315190749659397,0.0,0.0,0.0,0.0,0.0,0.0,0.0,0.0,0.0,0.0,0,0,0,0,0,0,0,0,0,1,0,0,0.0,0.0,0.0,0.0,0.0,0.6735036898915356,0.1318051575931232,0.0916905444126074,0.7067309329758298,1744.0,0.0,7556892.66,0.0152527737735449,0.0226540295696297
2016-05-30,2016,15902645.06,12868500.26,5733899.8149999995,10168745.245000001,4.229391530817895,4.221443597332864,0.19079497709672208,30700.0,614.0,20.0,8.198103339803746,0.0,0.0,0.0,0.0,0.0,0.0,0.0,0.0,0.0,0.0,0,0,0,0,0,0,0,0,0,1,0,0,0.0,0.0,0.0,0.0,0.0,0.909413346801528,0.1596091205211726,0.0912052117263843,0.8948291700097845,3222.0,0.0,15902645.06,0.3159256675470914,0.3265684684817267
2017-01-28,2017,5454445.79,4466542.85,2232673.4000000004,3221772.3899999997,4.198712101143595,4.093083002100051,0.18111884837341108,13864.0,204.0,14.714368147720716,9.972541576379392,0.0,0.0,0.0,0.0,0.0,0.0,0.0,0.0,0.0,0.0,1,1,0,1,0,0,0,0,0,1,0,0,0.0,0.0,0.0,0.0,0.0,0.346196146632076,0.1323529411764706,0.1078431372549019,0.8501701233334651,1038.0,0.0,5454445.79,0.2862585246777368,0.2792210241729227
2016-08-31,2016,12534594.92,10091516.93,3996506.07,8538088.85,4.176315030647425,3.1014741452906023,0.19490681634249415,27343.0,470.0,17.189042899462386,9.3379277788976,1.0,1.0,10.0,10.0,10.0,0.0,0.0404255319148936,0.1000000145033341,0.0040425537777943,2.3978952727983707,0,0,0,0,0,0,0,0,0,1,0,1,0.6788461538461539,353.0,520.0,0.9545542307692308,18561.690384615384,0.7769877584347784,0.1489361702127659,0.0787234042553191,0.8477794524026692,2448.0,75844.64,12534594.92,0.4147016009475617,0.4087425819769196
2016-01-01,2016,5846204.33,5354701.23,2153841.45,3692362.88,4.147997220965394,5.23286575651423,0.08407217268781292,11641.0,327.0,28.09037024310626,8.868958644743397,1.0,1.0,20.0,20.0,40.0,0.0,0.7522935779816514,0.200000004303228,0.150458718833621,3.044522437723423,1,0,0,0,0,0,0,0,1,1,1,0,0.0,0.0,0.0,0.0,0.0,0.333934104795275,0.1253822629969418,0.0948012232415902,0.8164925703387444,1775.0,743627.82,5846204.33,0.1093795029001205,0.0953593928184981
2015-12-31,2015,6375571.66,6217888.06,2326824.81,4048746.85,4.147884613018663,4.93929519935544,0.024732464539501474,15303.0,402.0,26.26935894922564,13.779189541874098,1.0,1.0,20.0,20.0,40.0,0.0,0.8955223880597015,0.1999999913895556,0.1791044699010946,3.2445224310951573,1,0,0,0,0,0,0,1,0,1,0,1,0.6894409937888198,333.0,483.0,0.9590055900621118,10550.51552795031,0.459770987554067,0.1666666666666666,0.0771144278606965,0.8309331740207708,2272.0,1068469.78,6375571.66,0.1473236880184683,0.1519812880722583
2018-05-30,2018,20905271.35,16535857.67,7168556.6850000005,13736714.665000001,4.1337821018613194,4.234711258012011,0.20901013944504487,39158.0,803.0,20.50666530466316,11.417290273071018,0.0,0.0,0.0,0.0,0.0,0.0,0.0,0.0,0.0,0.0,0,0,0,0,0,0,0,0,0,1,0,0,0.0,0.0,0.0,0.0,0.0,0.8081382480789968,0.1594022415940224,0.0697384806973848,0.8346267990441559,3879.0,0.0,20905271.35,0.2598362141945221,0.2253708946449319
2014-08-29,2014,12683009.27,10136587.4,3685522.51,8997486.76,4.124144744793638,3.404300769591659,0.2007742654594779,21406.0,569.0,26.58133233672802,11.067889228489395,0.0,0.0,0.0,0.0,0.0,0.0,0.0,0.0,0.0,0.0034185667493267,0,0,0,0,0,0,0,0,0,1,0,0,0.0,0.0,0.0,0.0,0.0,0.8390786291038714,0.1704745166959578,0.0790861159929701,0.7900740894120627,2823.0,0.0,12683009.27,1.229774090384487,1.2510882880787269
2018-07-31,2018,12496367.04,9909115.53,4456753.885,8039613.154999999,4.115155305528432,3.1605094082999248,0.20704029432861473,27391.0,441.0,16.100178890876567,9.058433916119808,0.0,0.0,0.0,0.0,0.0,0.0,0.0,0.0,0.0,0.1548648578470828,0,0,0,0,0,0,0,0,0,1,0,1,0.6756756756756757,350.0,518.0,0.9608741312741312,18507.432432432437,0.6747653380278403,0.1700680272108843,0.1269841269841269,0.8051509608987926,2088.0,0.0,12496367.04,0.0983115225733028,0.083610336779685
2016-12-30,2016,5840732.73,5741938.39,2020947.6400000001,3819785.0900000003,4.076414866254548,4.084535144285959,0.016914716794445887,14375.0,370.0,25.73913043478261,12.015627771158194,1.0,1.0,20.0,20.0,40.0,0.0,0.9837837837837838,0.2000000049101024,0.1967567615872358,3.244522432926504,0,0,0,0,0,0,0,1,0,1,0,0,0.0,0.0,0.0,0.0,0.0,0.4474569064456501,0.154054054054054,0.0864864864864864,0.8028374693694311,1976.0,1140505.78,5840732.73,0.6721218471177072,0.6942429385285508
2016-06-02,2016,15450407.81,12454831.83,5807751.43,9642656.38,4.015786213326147,3.2121424383717234,0.19388329530442344,32911.0,569.0,17.289052292546565,7.601522502553646,0.0,0.0,0.0,0.0,0.0,0.0,0.0,0.0,0.0,0.0,0,0,0,0,0,0,0,0,0,1,0,0,0.0,0.0,0.0,0.0,0.0,0.9202067900561266,0.1423550087873462,0.0790861159929701,0.9018571335690848,2892.0,0.0,15450407.81,0.2568963123554498,0.2498445687079623
2014-01-01,2014,5743739.48,5563113.31,2250519.73,3493219.7500000005,3.977549466301346,4.931906255257073,0.031447486542338934,10162.0,446.0,43.88899822869514,8.185985592665357,1.0,1.0,20.0,20.0,40.0,0.0,0.92152466367713,0.199999992955215,0.1843049262434828,3.044522437723423,1,0,0,0,0,0,0,0,1,1,1,0,0.0,0.0,0.0,0.0,0.0,0.3199223597324757,0.1524663677130044,0.0717488789237668,0.7593436117468232,2473.0,965252.99,5743739.48,0.4087014924540862,0.3906828898672576
2021-03-30,2021,10795905.35,9875208.04,4693887.34,6102018.01,3.966875290970546,3.727405215645132,0.08528208428577976,27851.0,368.0,13.213170083659474,7.537065503049536,1.0,1.0,12.0,12.0,12.0,0.0,1.0,0.1199999988884674,0.1199999988884674,2.5649493574615367,0,0,0,0,0,0,0,0,0,1,0,0,0.0,0.0,0.0,0.0,0.0,0.6032456415845102,0.1385869565217391,0.1059782608695652,0.7852966218025472,1841.0,1295508.63,10795905.35,0.0102422120575735,0.0178583596370133
2014-08-02,2014,9437585.35,7486465.1,2837188.07,6600397.279999999,3.9480928870205094,2.837245686527523,0.20673934885261727,24590.0,365.0,14.843432289548597,8.85558583106267,0.0,0.0,0.0,0.0,0.0,0.0,0.0,0.0,0.0,0.0075740160259467,0,0,0,0,0,0,0,0,0,1,0,0,0.0,0.0,0.0,0.0,0.0,0.8081577007686118,0.1397260273972602,0.0684931506849315,0.8528283243552335,1819.0,0.0,9437585.35,0.279575428041055,0.2816467285491107
2014-09-01,2014,10306541.25,8432677.93,4157930.98,6148610.27,3.9180997486078852,4.040888368268352,0.1818130131677298,15632.0,387.0,24.756908904810643,13.87618176273254,1.0,1.0,10.0,10.0,10.0,0.0,0.1317829457364341,0.1000000147012888,0.0131782965110225,2.4470606357330342,0,0,0,0,0,0,0,0,0,1,1,0,0.0,0.0,0.0,0.0,0.0,0.5919163576585075,0.1782945736434108,0.1007751937984496,0.8536724070908684,1943.0,142844.64,10306541.25,0.225107874525637,0.2164822956152436
2017-06-03,2017,15308256.14,12312510.57,5291724.53,10016531.61,3.9128019950496045,4.161081228101098,0.1956947638321918,35091.0,573.0,16.328973241001965,7.514132083275886,0.0,0.0,0.0,0.0,0.0,0.0,0.0,0.0,0.0,0.0,0,0,0,0,0,0,0,0,0,0,0,0,0.0,0.0,0.0,0.0,0.0,0.916340906482706,0.1727748691099476,0.0977312390924956,0.875325360214413,2845.0,0.0,15308256.14,0.387862199580899,0.4005907521357516
2014-02-26,2014,7766238.39,6157127.45,3149559.045,4616679.345,3.9054428976021396,3.6673812864808752,0.20719309132615996,15690.0,323.0,20.58636073932441,9.578672965777653,0.0,0.0,0.0,0.0,0.0,0.0,0.0,0.0,0.0,0.0685783095351937,0,0,0,0,0,0,0,0,0,1,0,0,0.0,0.0,0.0,0.0,0.0,0.5447165698990781,0.1609907120743034,0.1021671826625387,0.8393589319114372,1649.0,0.0,7766238.39,0.5618971856941116,0.5785446298704726
2019-03-30,2019,9442671.99,8583254.53,3946866.21,5495805.78,3.901633932293568,3.4469266983400013,0.09101422361278069,25372.0,334.0,13.164117925271954,7.593391078719426,1.0,1.0,12.0,12.0,12.0,0.0,1.0,0.119999993772949,0.119999993772949,2.5649493574615367,0,0,0,0,0,0,0,0,0,1,0,0,0.0,0.0,0.0,0.0,0.0,0.6382045798302821,0.1706586826347305,0.1077844311377245,0.8265247245157847,1582.0,1133120.58,9442671.99,0.1069169339421535,0.1115296738709991
2016-12-28,2016,7554359.22,7421332.69,2305175.8150000004,5249183.404999999,3.8792797462754396,4.296477136870624,0.017609240721279777,13341.0,524.0,39.27741548609549,13.572452000525598,1.0,1.0,20.0,20.0,40.0,0.0,1.0,0.2000000021179824,0.2000000021179824,3.2445224310192478,0,0,0,0,0,0,0,1,0,1,0,0,0.0,0.0,0.0,0.0,0.0,0.4356907973179379,0.1354961832061068,0.1011450381679389,0.8089568106584076,2767.0,1510871.86,7554359.22,0.6295990230091626,0.633831451158061
2020-08-30,2020,8480394.59,6775599.46,3068330.2800000003,5412064.31,3.826059656137457,3.3992783614819753,0.20102780736291187,36313.0,251.0,6.912125134249442,5.250359745798322,1.0,1.0,10.0,10.0,10.0,0.0,0.0717131474103585,0.1,0.0071713147410358,2.404852838671037,0,0,0,0,0,0,0,0,0,1,0,0,0.0,0.0,0.0,0.0,0.0,0.697227753000502,0.1354581673306772,0.0916334661354581,0.7733695592914314,1210.0,73207.7,8480394.59,0.7011173526084896,0.6955999250930641
2017-04-29,2017,13969061.08,11193381.32,5214391.75,8754669.33,3.806757847853435,3.4020816957230484,0.1987019559943108,34984.0,558.0,15.950148639378003,8.968919245230948,0.0,0.0,0.0,0.0,0.0,0.0,0.0,0.0,0.0,0.0631818229351311,0,0,0,0,0,0,0,0,0,1,0,0,0.0,0.0,0.0,0.0,0.0,0.879997465908551,0.1630824372759856,0.1129032258064516,0.8370758809796828,2795.0,0.0,13969061.08,0.0340569627234993,0.0196615163593699
2013-08-01,2013,10998208.4,12167214.07,4445347.68,6552860.720000001,3.7917717767699726,5.093404632480764,-0.10629055455977719,23532.0,561.0,23.83987761346252,6.315190749659397,1.0,1.0,50.0,50.0,150.0,0.0,0.4527629233511586,0.0137105449544049,0.0062076264142938,3.9318256327243257,0,0,0,0,0,0,0,0,0,1,1,0,0.0,0.0,0.0,0.0,0.0,0.7092198581560284,0.1586452762923351,0.0926916221033868,0.7844284905469573,2842.0,57350.0,10998208.4,0.4251796103548898,0.7477164606389399
2015-04-30,2015,14911130.64,11744026.43,5557754.18,9353376.46,3.7782932057230925,3.9368701127736827,0.21239866288234738,28994.0,546.0,18.83148237566393,8.61452231911959,0.0,0.0,0.0,0.0,0.0,0.0,0.0,0.0,0.0,0.0767307696040776,1,0,0,0,0,0,0,0,0,1,0,1,0.6966731898238747,356.0,511.0,0.9491191780821918,20199.342465753423,0.966991486922958,0.1666666666666666,0.0805860805860805,0.8914661826073305,2893.0,0.0,14911130.64,0.4567396794790893,0.4923118311996344
2017-01-29,2017,6530902.38,5313138.23,2470359.315,4060543.065,3.768385059872816,4.0275507728636475,0.18646185153972542,13325.0,205.0,15.384615384615383,11.566344548377572,0.0,0.0,0.0,0.0,0.0,0.0,0.0,0.0,0.0,0.0,1,1,0,1,0,0,0,0,0,1,0,0,0.0,0.0,0.0,0.0,0.0,0.3182918996295831,0.1073170731707317,0.1073170731707317,0.8749848960382104,1075.0,0.0,6530902.38,0.6006766768963728,0.6199009598256964
2013-02-25,2013,9128225.25,7430696.94,3757742.25,5370483.0,3.756915560639556,3.638545181549427,0.18596477009591755,13676.0,411.0,30.052646972799064,6.315190749659397,1.0,1.0,15.0,15.0,60.0,0.0,0.4817518248175182,0.150000013129003,0.0722627800475489,2.772588722239781,0,0,0,0,0,0,0,0,0,1,0,0,0.0,0.0,0.0,0.0,0.0,0.6683544303797468,0.1435523114355231,0.1046228710462287,0.7016813163360467,2134.0,319902.46,9128225.25,0.3154601224700074,0.32078952912304
2014-05-31,2014,12424970.9,9985304.33,5035415.380000001,7389555.52,3.739651232307864,4.173464095370162,0.19635189407163925,27754.0,513.0,18.48382215176191,6.855415817781546,0.0,0.0,0.0,0.0,0.0,0.0,0.0,0.0,0.0,0.0,0,0,0,0,0,0,0,0,0,1,0,1,0.7021696252465484,356.0,507.0,0.9528575936883628,19488.015779092704,0.9668672186960118,0.1578947368421052,0.1189083820662768,0.8595673902141695,2529.0,0.0,12424970.9,0.3128679208261042,0.3032646056739501
2015-09-27,2015,9527329.68,8445286.43,3769833.55,5757496.13,3.721524629050203,3.536528802907455,0.11357256296813695,21844.0,466.0,21.33308917780626,10.320071791803768,1.0,1.0,10.0,10.0,10.0,0.0,1.0,0.1000000096564308,0.1000000096564308,2.4978952721675083,0,0,0,0,0,0,0,0,0,1,0,0,0.0,0.0,0.0,0.0,0.0,0.5554823547944153,0.1394849785407725,0.0922746781115879,0.8330393039527031,2349.0,952733.06,9527329.68,0.2545310274504485,0.2313948914968799
