week_id,week_start,revenue_w_base,revenue_w_base_p10,revenue_w_base_p90,revenue_w_base_p05,revenue_w_base_p95,revenue_w_lv1_model_pred,revenue_w_same_iso_pred,revenue_w_lv1_model_weight,revenue_w_same_iso_weight,revenue_w_recovery_weight,revenue_w_recovery_anchor,revenue_w_structural_pred,revenue_w_structural_weight,revenue_w_direct_anchor_pred,revenue_w_direct_anchor_weight,revenue_w_lv1_backend,revenue_w_pre_covid_baseline_same_week,revenue_w_covid_adjusted_lag_52w,revenue_w_recovery_safe_lag_52w,revenue_w_recovery_progress,cogs_w_base,cogs_w_base_p10,cogs_w_base_p90,cogs_w_base_p05,cogs_w_base_p95,cogs_w_lv1_model_pred,cogs_w_same_iso_pred,cogs_w_lv1_model_weight,cogs_w_same_iso_weight,cogs_w_recovery_weight,cogs_w_recovery_anchor,cogs_w_structural_pred,cogs_w_structural_weight,cogs_w_direct_anchor_pred,cogs_w_direct_anchor_weight,cogs_w_lv1_backend,cogs_w_pre_covid_baseline_same_week,cogs_w_covid_adjusted_lag_52w,cogs_w_recovery_safe_lag_52w,cogs_w_recovery_progress,revenue_w_lv2_base,cogs_w_lv2_base,revenue_lv3_multiplier_avg,cogs_lv3_multiplier_avg,revenue_lv3_backend,cogs_lv3_backend,revenue_w_pred_full_week,cogs_w_pred_full_week,complete_sample_week,revenue_w_pred,cogs_w_pred,sample_days
2022-W52,2022-12-26,20826724.22911887,15397856.574411144,28169663.62204746,13234356.693572378,32774727.763744894,16924611.47639875,18746981.87764685,0.31015811613757654,0.21015811613757657,0.47968376772484683,24260959.00172831,,0.0,,0.0,xgboost,27742405.0304,35111312.064205,35111312.064205,0.7968376772484682,21048561.659810074,15192061.034818942,29162728.12976105,13677413.44367255,32392231.60130949,17696560.62873922,19120281.205800526,0.31015811613757654,0.21015811613757657,0.47968376772484683,24060742.20438193,,0.0,,0.0,xgboost,27432090.709599998,35000013.19427798,35000013.19427798,0.7968376772484682,20826724.22911887,21048561.659810074,0.9706796731679124,0.9957072416443814,xgboost_monotone,xgboost_monotone,20348503.76446698,21044317.224792585,0.0,3388087.77,3058460.37,1
2023-W01,2023-01-02,13609001.011770863,9586565.079028113,19319214.476075772,8042220.392559877,23029076.00697249,11555304.708763884,8072113.749156769,0.30984558376020965,0.20984558376020973,0.4803088324795806,17352884.00560599,,0.0,,0.0,xgboost,18330504.2316,8234105.38,8234105.38,0.8030883247958059,11183077.726702653,7660913.234851981,16324584.548639249,6782096.074562231,18439907.546384495,8850208.177025273,6880288.067522113,0.30984558376020965,0.20984558376020973,0.4803088324795806,14567880.639635665,,0.0,,0.0,xgboost,14807263.134,7016877.49,7016877.49,0.8030883247958059,13609001.011770863,11183077.726702653,0.9588921090663626,0.961332770918456,xgboost_monotone,xgboost_monotone,13081173.723759152,10758418.454967394,1.0,9020541.09,8051957.21,7
2023-W02,2023-01-09,15005099.601315046,10360390.696720988,21732096.65098404,8604538.247231206,26166774.185322694,12290778.361344013,11992999.52381909,0.3095426669932158,0.20954266699321583,0.4809146660135684,18064606.46015646,,0.0,,0.0,xgboost,18899086.758,12233675.71,12233675.71,0.8091466601356837,12392562.373124238,8307837.552009271,18485628.685203418,7303752.092876744,21026945.69493692,9843533.87175163,10093619.366766041,0.3095426669932158,0.20954266699321583,0.4809146660135684,15034943.275973314,,0.0,,0.0,xgboost,15259819.922,10294000.75,10294000.75,0.8091466601356837,15005099.601315046,12392562.373124238,0.9766630537521378,0.9569568663421568,xgboost_monotone,xgboost_monotone,14676027.075661795,11885413.872812886,1.0,13564924.19,12102690.06,7
2023-W03,2023-01-16,15996710.885232681,10876585.140678862,23527123.028566957,8963906.046027489,28547237.366616957,13074509.843646653,11644277.281313878,0.30924906999536517,0.20924906999536524,0.4815018600092696,19764984.258572552,,0.0,,0.0,xgboost,20770764.4556,11877955.29,11877955.29,0.8150186000926958,13253920.68084266,8739050.935092412,20101314.47754142,7641891.254089489,22987295.08859701,10924036.687560437,9761016.894999616,0.30924906999536517,0.20924906999536524,0.4815018600092696,16268242.01048949,,0.0,,0.0,xgboost,16751009.9872,9954795.36,9954795.36,0.8150186000926958,15996710.885232681,13253920.68084266,1.0024781893004422,0.9586729348449884,xgboost_monotone,xgboost_monotone,15998769.369213106,12732492.872894447,1.0,14787074.990000002,13182661.47,7
2023-W04,2023-01-23,20938762.94457618,14053525.396634992,31197281.671462733,11507172.262660772,38100740.64341796,16760040.563449718,18492687.62887443,0.3089645060275059,0.20896450602750594,0.48207098794498815,24677257.60911753,,0.0,,0.0,xgboost,26494358.404,18863799.92,18863799.92,0.8207098794498814,17095501.03691425,11115422.517948514,26292851.39759168,9676214.5825057,30203562.30449373,13433719.775908321,15266537.377017008,0.3089645060275059,0.20896450602750594,0.48207098794498815,20235181.631824642,,0.0,,0.0,xgboost,21494730.5816,15569612.99,15569612.99,0.8207098794498814,20938762.944576178,17095501.03691425,0.9628815236207607,0.9954546269088275,xgboost_monotone,xgboost_monotone,20203278.780356973,17042316.37675974,1.0,20742132.37,18494127.86,7
2023-W05,2023-01-30,20605883.96511507,13673115.73682093,31053818.210957557,11131792.852398733,38143221.99043112,16745469.838302415,14492422.591698326,0.30868869717252223,0.20868869717252225,0.4826226056549555,25718525.74292099,,0.0,,0.0,xgboost,27681072.9352,14783257.34,14783257.34,0.8262260565495548,16721200.025580907,10738873.515421398,26036113.24422306,9311379.549777806,30027615.446688887,13502435.887511445,11994671.237950021,0.30868869717252223,0.20868869717252225,0.4826226056549555,20823720.75280304,,0.0,,0.0,xgboost,22368004.428799994,12232792.84,12232792.84,0.8262260565495548,20605883.96511507,16721200.025580905,1.0064956218362389,0.9581738432851045,xgboost_monotone,xgboost_monotone,20639226.576716848,16072516.685690144,1.0,19785653.8,17653118.740000002,7
2023-W06,2023-02-06,18318538.110197753,12030527.106350295,27893111.601990793,9743949.662702838,34438686.83288376,14649963.959579512,14404983.249318743,0.3084213740639092,0.20842137406390915,0.4831572518721816,22348561.78142069,,0.0,,0.0,xgboost,23201653.582000002,14694063.26,14694063.26,0.8315725187218157,14902606.454089206,9464859.331554381,23464445.50538255,8177313.692994515,27159001.345957983,11970163.934702853,11716041.298229555,0.3084213740639092,0.20842137406390915,0.4831572518721816,18149119.33047252,,0.0,,0.0,xgboost,18814126.7248,11948631.46,11948631.46,0.8315725187218157,18318538.110197753,14902606.454089206,1.0030267142378693,0.9769564656187646,xgboost_monotone,xgboost_monotone,18362920.734529883,14575394.070555817,1.0,16545367.27,14760999.28,7
2023-W07,2023-02-13,22049137.85966078,14343775.224712703,33893760.08747409,11562381.345610801,42047088.4250575,17906459.89709566,18560599.293779332,0.3081622756226979,0.208162275622698,0.48367544875460416,26189929.37542701,,0.0,,0.0,xgboost,27599472.514,18933074.44,18933074.44,0.8367544875460415,17927158.10181885,11269720.329461187,28517388.56683605,9704567.008137362,33116674.898653477,14400819.114668418,15404433.259010483,0.3081622756226979,0.208162275622698,0.48367544875460416,21259600.951867215,,0.0,,0.0,xgboost,22384568.4508,15710246.42,15710246.42,0.8367544875460415,22049137.85966078,17927158.10181885,1.0061950636369668,0.993034223885228,xgboost_monotone,xgboost_monotone,22177334.105339702,17817698.35541091,1.0,21713969.88,19379900.5,7
2023-W08,2023-02-20,29197948.53516309,18827278.504130766,45281116.586366236,15109422.329002684,56423082.69383678,24950154.04778123,27297513.12760109,0.3079111488024749,0.20791114880247497,0.4841777023950502,32715386.411532123,,0.0,,0.0,xgboost,35015547.7016,27845321.15,27845321.15,0.8417770239505016,23724407.820894655,14772530.276434697,38100955.658579275,12681880.957737,44382021.776797846,19546133.800903365,22629547.715638597,0.3079111488024749,0.20791114880247497,0.4841777023950502,26851711.63575186,,0.0,,0.0,xgboost,28767073.005599998,23078795.89,23078795.89,0.8417770239505016,29197948.53516309,23724407.82089466,0.9850152037853548,0.9840948542976303,xgboost_monotone,xgboost_monotone,28769470.909012914,23348164.66772489,1.0,29004426.05,25888037.67,7
2023-W09,2023-02-27,28437678.447183322,18185526.725849885,44469514.78926236,14533814.110200303,55642760.8081626,24122768.94263365,22023279.65043465,0.3076677483422464,0.20766774834224638,0.4846645033155072,33925231.648338646,,0.0,,0.0,xgboost,35986946.45599999,22465244.060000002,22465244.060000002,0.8466450331550716,22898786.27690731,14131281.415545534,37105934.84742311,12096428.997303408,43347867.65793812,18891251.050950386,18291485.71796932,0.3076677483422464,0.20766774834224638,0.4846645033155072,27416915.94681946,,0.0,,0.0,xgboost,29064873.006799996,18654613.46,18654613.46,0.8466450331550716,28437678.44718332,22898786.27690731,0.9291989915814646,0.9116001038505165,xgboost_monotone,xgboost_monotone,26410309.76664554,21027210.932018578,1.0,22387703.7,19991719.55,7
2023-W10,2023-03-06,28105185.015470035,17832406.43173806,44295839.81610376,14195639.07886515,55643948.59126931,24478357.093537685,25288845.139297377,0.3074318365269061,0.2074318365269061,0.4851363269461878,31607707.558568843,,0.0,,0.0,xgboost,32848474.826799996,25796343.1,25796343.1,0.8513632694618775,22809211.28326168,13957244.718361408,37275273.46897852,11914890.950271035,43664697.52637329,19838042.28142955,21081042.74381001,0.3074318365269061,0.2074318365269061,0.4851363269461878,25430967.367449183,,0.0,,0.0,xgboost,26403018.749199998,21499549.56,21499549.56,0.8513632694618775,28105185.01547004,22809211.28326168,0.9685734630408893,0.9805907604509486,xgboost_monotone,xgboost_monotone,27211216.624572795,22350239.760441996,1.0,26220809.439999998,23405675.14,7
2023-W11,2023-03-13,34925533.64761394,21995046.226693697,55457618.97461477,17443943.01294841,69926442.78566267,30847783.80806004,31380301.070483316,0.30720318295507265,0.20720318295507267,0.4855936340898547,39018011.52374534,,0.0,,0.0,xgboost,41049615.721599996,32010042.71,32010042.71,0.8559363408985468,28300278.321707763,17178304.75248946,46623095.66776141,14626598.819921227,54756799.59256529,23431616.951460645,26498023.775998827,0.30720318295507265,0.20720318295507267,0.4855936340898547,32149383.863504466,,0.0,,0.0,xgboost,33884586.8372,27024070.03,27024070.03,0.8559363408985468,34925533.64761394,28300278.321707763,0.9765158206167756,0.9669262012078376,xgboost_monotone,xgboost_monotone,34156131.90795781,27396494.54050163,1.0,34445193.730000004,30765490.75,7
2023-W12,2023-03-20,35863487.268784694,22425232.816009972,57354575.605886325,17721638.220943686,72577359.07204227,30010393.62355746,31991410.619818553,0.3069815643140699,0.20698156431407,0.48603687137186014,41209255.21001504,,0.0,,0.0,xgboost,43001396.2116,32633416.040000003,32633416.040000003,0.860368713718601,31780809.584621035,19143022.393477805,52761775.478823215,16259096.222808054,62120294.338336304,25886173.71164604,29946077.970023613,0.3069815643140699,0.20698156431407,0.48603687137186014,36285200.69152235,,0.0,,0.0,xgboost,38208694.8108,30540575.97,30540575.97,0.860368713718601,35863487.268784694,31780809.584621035,1.0017333102009343,0.9529348825264187,xgboost_monotone,xgboost_monotone,35895612.564802945,30299196.184770256,1.0,37079444.95,33258994.22,7
2023-W13,2023-03-27,50763015.88047458,31525433.162526496,81739837.04703374,24827818.34870374,103790180.75600992,37162151.35807309,52718633.81381411,0.30676676416183063,0.20676676416183065,0.4864664716763388,58508537.158319205,,0.0,,0.0,xgboost,62683733.8776,53776594.31,53776594.31,0.8646647167633873,46965893.79927191,28081529.968042266,78549679.10136415,23794332.68819667,92702543.36208354,35441439.675319076,49898624.430856615,0.30676676416183063,0.20676676416183065,0.4864664716763388,52986716.29787594,,0.0,,0.0,xgboost,57140607.658399984,50889226.02,50889226.02,0.8646647167633873,50763015.88047458,46965893.79927191,1.033064426556429,1.0170165386742838,xgboost_monotone,xgboost_monotone,51877843.598974586,47284710.828724235,1.0,60657135.82,54449898.78,7
2023-W14,2023-04-03,31242303.611768056,19275165.711186085,50639332.60887844,15130123.382564237,64512462.531319305,23432644.89609062,19274532.110034805,0.3065585727155097,0.2065585727155097,0.4868828545689806,41236830.18749749,,0.0,,0.0,xgboost,41813936.1436,19661334.5,19661334.5,0.8688285456898057,27245950.70343044,16175358.740370274,45893376.0958389,13674535.409542622,54286437.822717875,18458352.73880969,17910853.231621403,0.3065585727155097,0.2065585727155097,0.4868828545689806,36739318.26853133,,0.0,,0.0,xgboost,37384777.478,18266424.55,18266424.55,0.8688285456898057,31242303.61176806,27245950.703430444,0.9846111928945487,0.958285343750445,xgboost_monotone,xgboost_monotone,30600365.8939647,25970184.147417746,1.0,28866807.669999998,25905877.61,7
2023-W15,2023-04-10,37081981.70302286,22733161.248901486,60487555.73020072,17787764.48302649,77304449.77541718,27856852.189466383,31931736.385691408,0.30635678664660176,0.20635678664660184,0.48728642670679645,45062850.64407,,0.0,,0.0,xgboost,46062654.9248,32572544.259999998,32572544.259999998,0.8728642670679644,32463168.21559288,19141018.11356945,55057535.34471392,16145983.513327867,65270553.09041775,23883694.53100386,29126132.822731696,0.30635678664660176,0.20635678664660184,0.48728642670679645,39270252.73084134,,0.0,,0.0,xgboost,40100043.5624,29704353.04,29704353.04,0.8728642670679644,37081981.70302286,32463168.21559288,0.9868864429391634,0.9559363157232783,xgboost_monotone,xgboost_monotone,36591925.14474574,31096629.593384095,1.0,34483743.24,30922984.56,7
2023-W16,2023-04-17,40941268.63441734,24945402.969791334,67194242.92998034,19458735.99854844,86140613.3370506,28027289.943927515,29653352.45208502,0.30616120888236187,0.20616120888236183,0.4876775822352763,53820453.575593635,,0.0,,0.0,xgboost,55940220.3552,30248437.59,30248437.59,0.8767758223527625,33536984.547584224,19643462.06277561,57257184.050544195,16534451.345081111,68023382.91047297,22943547.946037903,24564932.12752521,0.30616120888236187,0.20616120888236183,0.4876775822352763,43980336.292152,,0.0,,0.0,xgboost,45296709.91,25052602.1,25052602.1,0.8767758223527625,40941268.63441734,33536984.547584224,0.9993337307038779,0.9520646604587393,xgboost_monotone,xgboost_monotone,40877940.486305855,31995132.983346637,1.0,38827480.71,34658796.620000005,7
2023-W17,2023-04-24,51124083.333580166,30964868.156233966,84407654.19659331,24082251.25241466,108531043.8355161,36744053.91482914,40553735.19074693,0.30597164841333596,0.20597164841333604,0.48805670317332805,64600126.781003,,0.0,,0.0,xgboost,67935719.6552,41367569.82,41367569.82,0.8805670317332803,41310835.64902851,24041777.616001103,70984149.21203499,20194782.664141163,84506238.48366469,29356441.408842977,33384138.971725587,0.30597164841333596,0.20597164841333604,0.48805670317332805,52150519.763909385,,0.0,,0.0,xgboost,54469488.72759999,34046890.33,34046890.33,0.8805670317332803,51124083.333580166,41310835.64902852,0.9838540046831571,0.9457560512175999,xgboost_monotone,xgboost_monotone,50345319.8509869,39293255.37174313,1.0,50703989.0,45255106.43,7
2023-W18,2023-05-01,41612701.90304563,25058731.207231764,69102339.39683017,19432481.652391672,89109407.914564,27845696.550295778,23298082.348487467,0.3057879201068131,0.20578792010681318,0.4884241597863737,57948321.750529334,,0.0,,0.0,xgboost,60285231.8264,23765629.57,23765629.57,0.8842415978637368,33017785.427321658,19095897.258515142,57089443.32996745,16008093.293051463,68101435.72338486,21126228.372932,18949877.61600612,0.3057879201068131,0.20578792010681318,0.4884241597863737,46389974.03915237,,0.0,,0.0,xgboost,48059206.98,19326075.94,19326075.94,0.8842415978637368,41612701.90304564,33017785.427321658,1.004957716834609,0.9488257426972547,xgboost_monotone,xgboost_monotone,41766232.936308585,31528163.012372494,1.0,34829629.22,31053145.43,7
2023-W19,2023-05-08,40640321.27838561,24335965.352554217,67868098.87176418,18818873.027686704,87764856.36931565,31551863.740879957,27543280.572746303,0.30560984452601714,0.20560984452601722,0.48878031094796565,51832266.771538235,,0.0,,0.0,xgboost,52987627.56639999,28096020.67,28096020.67,0.8878031094796562,31897335.240389206,18336243.501410346,55487918.522134975,15341250.744488616,66320536.34454656,22380706.410231665,22625052.221459076,0.30560984452601714,0.20560984452601722,0.48878031094796565,41748075.990935296,,0.0,,0.0,xgboost,42590482.6964,23074211.15,23074211.15,0.8878031094796562,40640321.27838561,31897335.240389206,0.9942489595357571,0.9444285639404528,xgboost_monotone,xgboost_monotone,40355151.07998005,30202216.10171874,1.0,33186508.6,29583490.91,7
2023-W20,2023-05-15,43635012.84083106,25986530.00813638,73269279.6243887,20040150.722643163,95009979.92435579,32935335.147669442,31038760.986028075,0.30543724775486103,0.20543724775486105,0.4891255044902779,55607030.9952382,,0.0,,0.0,xgboost,57074538.1096,31661648.58,31661648.58,0.891255044902779,34388175.66852456,19651578.735569313,60175654.621479034,16410460.837212613,72060536.13272677,24527148.7245274,25328397.173739992,0.30543724775486103,0.20543724775486105,0.4891255044902779,44351141.90993244,,0.0,,0.0,xgboost,45499336.5364,25831223.669999998,25831223.669999998,0.891255044902779,43635012.84083106,34388175.66852456,1.0227482973651012,0.9532352359181414,xgboost_monotone,xgboost_monotone,44526683.23122837,32816116.510826245,1.0,38711347.43,34513536.980000004,7
2023-W21,2023-05-22,46901144.30574572,27782870.221812416,79175308.61536026,21368149.533290144,102943743.59613004,34447535.513440885,32499851.68602378,0.3052699612280932,0.20526996122809327,0.4894600775438136,60707919.89564366,,0.0,,0.0,xgboost,62646586.5052,33152060.53,33152060.53,0.8946007754381357,37064827.73098558,21059403.589731064,65234584.47955255,17553461.07494535,78263849.34426719,25212788.371371336,26763118.039781988,0.3052699612280932,0.20526996122809327,0.4894600775438136,48777127.4826779,,0.0,,0.0,xgboost,50382219.199599996,27294427.02,27294427.02,0.8946007754381357,46901144.30574572,37064827.73098558,1.0050039555407422,0.9357507424867219,xgboost_monotone,xgboost_monotone,47102623.78583494,34775271.54799233,1.0,40028964.18,35686016.8,7
2023-W22,2023-05-29,60479833.152306415,35640135.30615551,102631770.87845793,27339693.06854316,133791193.95339003,43085586.91100641,44997434.896163665,0.3051078215666697,0.20510782156666968,0.4897843568666606,77799050.14749448,,0.0,,0.0,xgboost,81736029.7492,45900445.94,45900445.94,0.8978435686666058,48970235.24001056,27667568.497281555,86674906.87862891,23019719.997175224,104175198.93820575,35253002.686458446,37136258.38707468,0.3051078215666697,0.20510782156666968,0.4897843568666606,62471026.072564535,,0.0,,0.0,xgboost,65699981.4952,37873497.879999995,37873497.879999995,0.8978435686666058,60479833.15230641,48970235.24001056,1.016177117616938,0.9801077399169676,xgboost_monotone,xgboost_monotone,61172179.2234858,48047545.62278696,1.0,60928727.61,54339495.75,7
2023-W23,2023-06-05,38946129.14880861,22833845.595547657,66427749.01666599,17471225.164693374,86817091.24468504,30113832.955893967,24973563.3518667,0.3049506704181913,0.20495067041819137,0.4900986591636174,50284869.35754621,,0.0,,0.0,xgboost,50545406.13520001,25474734.22,25474734.22,0.9009865916361737,30243122.93188844,16993198.28292022,53824268.928904265,14113483.560000261,64806570.42260999,20714883.70339246,20592514.70053987,0.3049506704181913,0.20495067041819137,0.4900986591636174,40207528.00887237,,0.0,,0.0,xgboost,40441315.721200004,21001323.12,21001323.12,0.9009865916361737,38946129.14880861,30243122.93188844,0.9754178056635753,0.9252186793195628,xgboost_monotone,xgboost_monotone,38032081.59174825,28048766.42357081,1.0,30282204.06,27017624.32,7
2023-W24,2023-06-12,44023549.00154564,25682272.209729195,75463449.56419651,19601605.203872245,98873169.6259728,33683913.78665391,31081990.3467949,0.3047983543022499,0.2047983543022499,0.4904032913955002,55854451.88083413,,0.0,,0.0,xgboost,56742319.1384,31705745.47,31705745.47,0.9040329139550015,34998480.99713765,19559547.374918275,62623824.388252884,16216775.989698712,75532501.10458277,25213221.181300193,25866006.89369838,0.3047983543022499,0.2047983543022499,0.4904032913955002,44894105.35473551,,0.0,,0.0,xgboost,45661337.984799996,26379506.17,26379506.17,0.9040329139550015,44023549.00154564,34998480.99713765,1.0065240816761276,0.964366198996181,xgboost_monotone,xgboost_monotone,44272531.5020325,33808073.43899261,1.0,37072222.8,33078749.54,7
2023-W25,2023-06-19,43393742.31748043,25191487.615874294,74748140.63688634,19179986.625747703,98176129.02917539,33371588.580820814,26814944.19791116,0.30465072446053315,0.20465072446053312,0.4906985510789337,56530360.36579018,,0.0,,0.0,xgboost,57447464.7008,27353068.0,27353068.0,0.9069855107893365,34682323.174573526,19280892.76194377,62386298.35944127,15958608.266223896,75373961.10934536,23455315.82814386,23347515.21206536,0.30465072446053315,0.20465072446053312,0.4906985510789337,46379917.49218648,,0.0,,0.0,xgboost,47257851.980000004,23811016.68,23811016.68,0.9069855107893365,43393742.31748043,34682323.174573526,1.0320194711136537,0.9478295285809832,xgboost_monotone,xgboost_monotone,44718155.42881845,32932412.070464723,1.0,35852599.03,32029811.32,7
2023-W26,2023-06-26,50031327.4932272,28906071.766608387,86595430.036511,21955378.34405095,114010045.99449463,39547286.26892377,34585183.00040579,0.3045076367115408,0.20450763671154082,0.4909847265769184,62967218.935740106,,0.0,,0.0,xgboost,64577994.13119999,35279240.39,35279240.39,0.9098472657691836,45861396.7157509,25364188.03955048,82922729.04126614,20958761.409493323,100352670.56278302,34598391.50449478,34977397.89545748,0.3045076367115408,0.20450763671154082,0.4909847265769184,57380150.08978844,,0.0,,0.0,xgboost,59377379.216000006,35671779.08,35671779.08,0.9098472657691836,50031327.4932272,45861396.7157509,1.0653249209657383,1.0013748883610156,xgboost_monotone,xgboost_monotone,52638062.63724044,45408471.8739965,1.0,43900261.43,39541046.43,7
2023-W27,2023-07-03,26681036.148273535,15342979.334851705,46397617.17920824,11626226.30983134,61230329.72865982,21043744.5964947,12341258.591345714,0.304368951309771,0.20436895130977106,0.491262097380458,36139168.2613412,,0.0,,0.0,xgboost,35377082.9976,12588923.66,12588923.66,0.9126209738045796,23721666.822172813,13053181.802573422,43109601.67518599,10768410.077370413,52256317.989163585,15628065.807540283,12502998.785860457,0.304368951309771,0.20436895130977106,0.491262097380458,33403236.599646557,,0.0,,0.0,xgboost,33111875.0936,12751211.85,12751211.85,0.9126209738045796,26681036.14827354,23721666.822172813,0.9158712119660287,0.9242800139681725,xgboost_monotone,xgboost_monotone,24444499.266539153,21894225.63895629,1.0,19626389.89,17695963.9,7
2023-W28,2023-07-10,29916851.412426166,17124594.64404154,52265061.30401466,12946291.229904698,69133156.38381703,25522691.24753673,22245955.62647522,0.304234532809239,0.20423453280923898,0.49153093438152196,35823940.62865131,,0.0,,0.0,xgboost,35342017.212799996,22692388.71,22692388.71,0.9153093438152196,28322465.29155966,15507442.118540158,51727552.71112706,12772589.14267458,62803399.71012104,22916912.758272175,22562701.829063624,0.304234532809239,0.20423453280923898,0.49153093438152196,34061470.00536179,,0.0,,0.0,xgboost,33991658.81,23010622.96,23010622.96,0.9153093438152196,29916851.412426166,28322465.29155966,0.9898543101112226,0.9720275738988547,xgboost_monotone,xgboost_monotone,29595781.27615145,27550011.363765463,1.0,25890234.32,23318854.9,7
2023-W29,2023-07-17,32828001.82720075,18706034.182941258,57611232.97252429,14109790.63647464,76378006.37162125,27186906.636449877,23758310.817787804,0.3041042499311949,0.20410424993119497,0.49179150013761014,40080350.64038622,,0.0,,0.0,xgboost,40310586.5168,24235093.93,24235093.93,0.9179150013761012,29111336.043612905,15861616.940954521,53428971.2285311,13043740.006653454,64971385.969010316,22750892.446769953,21395370.206224985,0.3041042499311949,0.20410424993119497,0.49179150013761014,36246675.60926317,,0.0,,0.0,xgboost,36523868.9276,21820117.14,21820117.14,0.9179150013761012,32828001.827200748,29111336.043612905,0.9944507412415765,0.9660787566701649,xgboost_monotone,xgboost_monotone,32635533.128211536,28142717.24864789,1.0,28344111.189999998,25447127.02,7
2023-W30,2023-07-24,39032922.72543174,22142917.399307776,68806156.66542327,16664961.804675674,91423493.45435944,28880812.772683308,24896605.976780377,0.3039779754359114,0.20397797543591145,0.49204404912817723,51164997.3047848,,0.0,,0.0,xgboost,52573969.580400005,25396232.46,25396232.46,0.9204404912817723,32005252.058026604,17354779.058371905,59023289.40546862,14249557.067491187,71885472.11128423,21336927.451443203,20313185.983151082,0.3039779754359114,0.20397797543591145,0.49204404912817723,43442967.22151656,,0.0,,0.0,xgboost,44453300.096,20716449.09,20716449.09,0.9204404912817723,39032922.72543175,32005252.058026604,0.9866695699587235,0.9733322189400921,xgboost_monotone,xgboost_monotone,38528244.332627766,31194855.374140497,1.0,31861161.4,28486562.4,7
2023-W31,2023-07-31,37843245.0642869,21374235.758337636,67001749.232018605,16051171.648770146,89221596.94922514,25729737.868079837,24286860.159984164,0.3038555859984158,0.20385558599841586,0.49228882800316837,50933734.325287886,,0.0,,0.0,xgboost,52506154.1976,24774250.23,24774250.23,0.9228882800316833,34484254.715467125,18610828.608323645,63896338.780461766,15257616.733003909,77939026.77347955,24751080.18394413,20019288.920664895,0.3038555859984158,0.20385558599841586,0.49228882800316837,46481771.60693153,,0.0,,0.0,xgboost,48001765.8944,20416717.5,20416717.5,0.9228882800316833,37843245.0642869,34484254.715467125,1.008948645734455,0.9945628714831655,xgboost_monotone,xgboost_monotone,38308976.0304197,34429547.99681917,1.0,30554199.009999998,27643089.18,7
2023-W32,2023-08-07,24708550.227105998,13895634.181303883,43935558.316061005,10412533.939028744,58632455.68008947,16494504.820290871,18935005.52849038,0.30373696208804624,0.20373696208804631,0.49252607582390745,32162355.89526995,,0.0,,0.0,xgboost,31940794.3336,19314994.28,19314994.28,0.9252607582390743,22636854.115209103,12160202.657372456,42139688.75727609,9954308.585975066,51477924.72464732,16915994.607270464,15508128.021294642,0.30373696208804624,0.20373696208804631,0.49252607582390745,29113712.178143907,,0.0,,0.0,xgboost,28962893.344799995,15815999.760000002,15815999.760000002,0.9252607582390743,24708550.227105998,22636854.115209103,0.9984017665185536,0.9908277784003559,xgboost_monotone,xgboost_monotone,24633850.918408033,22382690.83223393,1.0,21083253.73,19140836.25,7
2023-W33,2023-08-14,26594563.053065863,14892989.084393822,47490182.849229924,11136183.89045395,63511052.75225053,19512534.984643366,20967440.980011024,0.30362198785171257,0.20362198785171254,0.4927560242965749,33283603.998351067,,0.0,,0.0,xgboost,33258646.045199998,21388216.759999998,21388216.759999998,0.9275602429657486,23718638.19261802,12683108.226242485,44356145.04544905,10367054.31841616,54265538.043688826,17948381.52987257,17642616.826515473,0.30362198785171257,0.20362198785171254,0.4927560242965749,29784902.6313325,,0.0,,0.0,xgboost,29802511.8384,17992863.04,17992863.04,0.9275602429657486,26594563.053065863,23718638.19261802,1.0137337630456602,1.0164615623144237,xgboost_monotone,xgboost_monotone,26924902.276756264,24058837.708688498,1.0,22771899.75,20671103.1,7
2023-W34,2023-08-21,29382647.011223003,16385720.362134079,52688555.40048463,12226732.670510544,70610844.66139708,22123338.76727288,25424585.043300938,0.30351055100074936,0.20351055100074933,0.49297889799850125,35485918.42752136,,0.0,,0.0,xgboost,35745765.572399996,25934807.04,25934807.04,0.929788979985012,27175893.545227278,14466414.377227664,51051294.36760514,11807544.764855217,62547225.92090029,20962862.296552163,21062446.16828116,0.30351055100074936,0.20351055100074933,0.49297889799850125,33524789.19689504,,0.0,,0.0,xgboost,33926029.726799995,21480583.8,21480583.8,0.929788979985012,29382647.011223003,27175893.545227278,0.9668926265003025,0.9878206549987443,xgboost_monotone,xgboost_monotone,28423199.81791194,26808053.58250164,1.0,23629822.5,21447962.31,7
2023-W35,2023-08-28,39050546.18846086,21687716.94814888,70313770.11063758,16149621.660922904,94426058.8365622,29295640.10122405,32915568.782055974,0.3034025427012505,0.20340254270125047,0.493194914597499,47581723.59930428,,0.0,,0.0,xgboost,48892392.665199995,33576120.26,33576120.26,0.9319491459749898,36400659.43857732,19291057.832958218,68685087.35299747,15722911.887031615,84272429.29868114,29854647.669379223,27668353.676188443,0.3034025427012505,0.20340254270125047,0.493194914597499,44028981.83138241,,0.0,,0.0,xgboost,45272151.2396,28217633.65,28217633.65,0.9319491459749898,39050546.18846086,36400659.43857732,0.9848244843985359,0.9975988632316592,xgboost_monotone,xgboost_monotone,38430985.21616293,36019515.760654345,1.0,38140837.93,34529777.58,7
2023-W36,2023-09-04,23445965.573757548,12968576.399883732,42388098.45204058,9637339.724693166,57039940.23288189,18974958.60829272,16828638.431374498,0.3032978574677769,0.20329785746777684,0.4934042850644462,28920857.757164497,,0.0,,0.0,xgboost,28849309.618,17166356.49,17166356.49,0.9340428506444618,21024449.811583307,11093498.451066399,39845634.17386714,9028851.655141596,48957219.68041158,15058660.716841089,15439669.74434883,0.3032978574677769,0.20329785746777684,0.4934042850644462,26992749.969845664,,0.0,,0.0,xgboost,26958130.3148,15746182.43,15746182.43,0.9340428506444618,23445965.573757548,21024449.81158331,0.9892124513129514,0.9773278700734122,xgboost_monotone,xgboost_monotone,23218599.26084342,20573286.250062075,1.0,18087349.96,16244745.74,7
2023-W37,2023-09-11,25729609.747503527,14174872.481212292,46703263.76603086,10512658.760824792,62972917.774088405,21473371.104562145,17587294.76360636,0.30319639306033536,0.20319639306033532,0.49360721387932927,31695821.66180675,,0.0,,0.0,xgboost,31837694.463200003,17940237.58,17940237.58,0.9360721387932924,22274462.42551335,11702387.488920156,42397473.78596257,9511170.732488386,52165151.18622005,16475293.484435128,16292037.989149107,0.30319639306033536,0.20319639306033532,0.49360721387932927,28299281.531246044,,0.0,,0.0,xgboost,28382556.948799998,16615472.13,16615472.13,0.9360721387932924,25729609.747503527,22274462.42551335,1.0040430361821386,1.006992302893895,xgboost_monotone,xgboost_monotone,25795551.44948127,22383769.155751057,1.0,22044482.79,19804216.6,7
2023-W38,2023-09-18,26416480.42907136,14495928.209518816,48139754.72081553,10729504.788572472,65038455.08953389,21923641.35071681,18220012.79275833,0.3030980503845266,0.20309805038452655,0.4938038992309468,32545345.28216212,,0.0,,0.0,xgboost,32752962.383599997,18585653.03,18585653.03,0.938038992309468,22976329.389055356,12019777.809630245,43920254.64763864,9755725.468068486,54113012.508008905,17197464.878204018,16937439.4274623,0.3030980503845266,0.20309805038452655,0.4938038992309468,29007163.38813808,,0.0,,0.0,xgboost,29158314.027200002,17273686.26,17273686.26,0.938038992309468,26416480.42907136,22976329.389055356,1.013600038881615,0.9922839810866562,xgboost_monotone,xgboost_monotone,26758724.563475113,22786858.107492574,1.0,22251511.35,19984092.419999998,7
2023-W39,2023-09-25,31583253.830088943,17263763.62534887,57780095.4800967,12753242.346776787,78215552.37250297,27574090.091994725,22926083.21787652,0.30300273339476536,0.20300273339476543,0.4939945332104692,37599953.75123433,,0.0,,0.0,xgboost,38171100.67919999,23386165.14,23386165.14,0.939945332104692,27586924.732486807,14371160.396214524,52955946.7058136,11648403.144108994,65334139.364165455,22856627.928272985,20766684.522038475,0.30300273339476536,0.20300273339476543,0.4939945332104692,33291077.46523509,,0.0,,0.0,xgboost,33778066.230000004,21178950.61,21178950.61,0.939945332104692,31583253.83008894,27586924.732486807,1.000944987472329,0.9955441662705358,xgboost_monotone,xgboost_monotone,31678800.60987891,27514743.982891183,1.0,29447465.6,26428192.96,7
2023-W40,2023-10-02,21405736.252556823,11655686.844540434,39311757.63980633,8593800.938862463,53318145.09939095,17999359.48285541,13562365.675976224,0.3029103490004786,0.20291034900047866,0.4941793019990428,26714189.73605888,,0.0,,0.0,xgboost,26709267.776,13834535.99,13834535.99,0.9417930199904281,17276686.998503935,8962827.453147527,33302426.884004474,7255018.272006084,41141715.790383615,13671034.388736747,11175601.531165825,0.3029103490004786,0.20291034900047866,0.4941793019990428,21991904.455877133,,0.0,,0.0,xgboost,21900827.154,11397462.73,11397462.73,0.9417930199904281,21405736.252556823,17276686.998503935,1.0022039870375523,1.002542633852726,xgboost_monotone,xgboost_monotone,21390900.982693467,17273941.303357024,1.0,15091350.06,13458044.95,7
2023-W41,2023-10-09,21365113.523327086,11589448.235787373,39386522.83802186,8528700.790376129,53521405.86991386,17125909.937958524,14553828.122075351,0.30282080697518887,0.20282080697518884,0.4943583860496223,26756322.669329308,,0.0,,0.0,xgboost,26784576.2192,14845895.16,14845895.16,0.9435838604962227,17053438.72959769,8810792.635118425,33007219.308946915,7122535.076222568,40830933.86628679,13262304.5660508,12068476.897152575,0.30282080697518887,0.20282080697518884,0.4943583860496223,21420894.302884534,,0.0,,0.0,xgboost,21354665.3944,12308063.709999999,12308063.709999999,0.9435838604962227,21365113.523327086,17053438.72959769,1.016654841163001,0.9932863089320313,xgboost_monotone,xgboost_monotone,21685351.834914014,16937353.48142203,1.0,17309812.07,15439355.06,7
2023-W42,2023-10-16,23143979.181389667,12507354.09312925,42826305.173301846,9186885.276322732,58305261.79802427,18844754.757486213,17287642.080435995,0.3027340198683957,0.2027340198683958,0.49453196026320856,28176617.017417107,,0.0,,0.0,xgboost,28349219.7224,17634571.45,17634571.45,0.9453196026320853,17998510.272207454,9261463.471044866,34977880.632928275,7477085.2770041935,43325219.01412186,13488150.06091182,14286789.51829846,0.3027340198683957,0.2027340198683958,0.49453196026320856,22281209.302946888,,0.0,,0.0,xgboost,22342399.6584,14570414.9,14570414.9,0.9453196026320853,23143979.181389667,17998510.272207454,1.007023276150565,0.9910979098168031,xgboost_monotone,xgboost_monotone,23288381.8635007,17848759.15518237,1.0,19837910.94,17693138.25,7
2023-W43,2023-10-23,26753472.882270217,14404451.835669028,49689381.36910636,10560682.51121541,67774813.38670085,22510854.31398877,21066327.264514904,0.30264990292016775,0.20264990292016788,0.49470019415966443,31678733.947282583,,0.0,,0.0,xgboost,32087507.259600002,21489087.5,21489087.5,0.9470019415966442,21190830.70322932,10860552.392091542,41347003.34340469,8756780.033812147,51280412.035416394,17070990.186154965,17218891.001305025,0.30264990292016775,0.20264990292016788,0.49470019415966443,25338357.936413772,,0.0,,0.0,xgboost,25638295.426,17560725.29,17560725.29,0.9470019415966442,26753472.882270217,21190830.703229323,0.9912838879918254,0.9843383246227307,xgboost_monotone,xgboost_monotone,26501370.42328611,20881148.238327038,1.0,23301589.29,20782656.61,7
2023-W44,2023-10-30,24252451.626547202,13010080.748601828,45209665.608445995,9520877.56323456,61778064.38508058,20237841.565270144,15044985.959091982,0.3025683739783625,0.20256837397836258,0.49486325204327497,30476060.62236419,,0.0,,0.0,xgboost,30871834.6844,15346909.58,15346909.58,0.9486325204327493,19175361.727242626,9788777.92235419,37562859.356529206,7882560.003311578,46646581.95278066,15173409.738898179,12462436.529238231,0.3025683739783625,0.20256837397836258,0.49486325204327497,24370110.856899522,,0.0,,0.0,xgboost,24694476.445199996,12709844.34,12709844.34,0.9486325204327493,24252451.626547202,19175361.727242626,0.9843949214972321,0.9877002066631464,xgboost_monotone,xgboost_monotone,23820283.61688005,18932848.23104151,1.0,20507521.08,18307312.77,7
2023-W45,2023-11-06,18628582.16915845,9957032.204740105,34852158.649829336,7273403.071018274,47711374.23804175,14560097.92337331,11961708.71943411,0.30248935341839317,0.20248935341839314,0.49502129316321364,23841780.2652786,,0.0,,0.0,xgboost,23839842.9848,12201756.96,12201756.96,0.950212931632136,14680288.12515963,7464829.426640667,28870164.359571945,6003592.92226165,35896978.6406707,10734652.72281013,9819225.667993488,0.30248935341839317,0.20248935341839314,0.49502129316321364,19079747.553749036,,0.0,,0.0,xgboost,19091547.703600004,10014159.71,10014159.71,0.950212931632136,18628582.16915845,14680288.12515963,0.9887514347550067,0.9955113131859035,xgboost_monotone,xgboost_monotone,18416130.887756653,14623383.057749508,1.0,14599197.48,13036302.57,7
2023-W46,2023-11-13,18103354.53928519,9641671.536994735,33991143.22568027,7030392.251612372,46616378.774574585,14028935.034006098,11376651.765161922,0.30241276406546397,0.20241276406546405,0.49517447186907204,23341360.764284223,,0.0,,0.0,xgboost,23348800.728,11604959.05,11604959.05,0.9517447186907203,15009931.229169015,7602968.637981636,29632902.490596693,6107073.402236436,36891323.8284222,11139387.791049764,9731224.188231168,0.30241276406546397,0.20241276406546405,0.49517447186907204,19531528.261330128,,0.0,,0.0,xgboost,19595933.92,9924411.2,9924411.2,0.9517447186907203,18103354.53928519,15009931.229169015,1.02989067407152,1.0058631540329608,xgboost_monotone,xgboost_monotone,18609686.75835824,15095079.996138398,1.0,14952770.2,13366096.28,7
2023-W47,2023-11-20,17040006.68394023,9043218.683873603,32108238.32393585,6582307.638778679,44112464.36786783,13583882.449925072,11465815.159176724,0.30233853111919795,0.20233853111919792,0.49532293776160413,21426626.167775016,,0.0,,0.0,xgboost,21401708.8152,11695911.78,11695911.78,0.953229377616041,15922244.910223454,8034265.096947702,31554581.804015096,6445558.357585355,39332181.16775544,12653193.331289023,11845133.924934046,0.30233853111919795,0.20233853111919792,0.49532293776160413,19583123.020766504,,0.0,,0.0,xgboost,19684640.4088,12080286.870000001,12080286.870000001,0.953229377616041,17040006.68394023,15922244.910223454,1.0188014040914408,0.9957119948998333,xgboost_monotone,xgboost_monotone,17348231.39107573,15858121.384062298,1.0,12303334.27,11092799.0,7
2023-W48,2023-11-27,16746697.7144266,8856431.113178337,31666466.291548144,6435021.204257474,43582120.2312567,12688695.969119364,9595709.121879254,0.30226658208058377,0.20226658208058385,0.4954668358388324,22141618.515164807,,0.0,,0.0,xgboost,22266764.0028,9788276.35,9788276.35,0.9546683583883238,16551524.122316437,8320219.909190217,32926166.089154188,6666828.853072654,41091940.73425771,12325029.042976849,9837870.515218979,0.30226658208058377,0.20226658208058385,0.4954668358388324,21870701.511315785,,0.0,,0.0,xgboost,22140114.6256,10033174.7,10033174.7,0.9546683583883238,16746697.7144266,16551524.122316437,1.0095053518159889,0.9732563770617751,xgboost_monotone,xgboost_monotone,16902223.62424902,16233509.142739823,1.0,13484090.41,12177700.15,7
2023-W49,2023-12-04,13347819.911134195,7034479.805191231,25327287.25476806,5102314.485343863,34918326.49023046,11363534.895969234,8788694.751466183,0.30219684668117036,0.20219684668117033,0.49560630663765926,16417767.53898304,,0.0,,0.0,xgboost,16362073.670400001,8965066.77,8965066.77,0.9560630663765926,12974619.390938323,6497756.568276998,25907517.48157851,5200241.817733057,32371713.204364303,10070568.249662016,9043652.476107262,0.30219684668117036,0.20219684668117033,0.49560630663765926,16349120.864552788,,0.0,,0.0,xgboost,16386259.0844,9223189.62,9223189.62,0.9560630663765926,13347819.911134195,12974619.390938323,0.994545391004442,0.9803747703340705,xgboost_monotone,xgboost_monotone,13271461.846785037,12728389.149871448,1.0,9041545.71,8169790.54,7
2023-W50,2023-12-11,14600577.540966986,7668299.787296781,27799755.379417438,5552467.229727679,38393175.67584406,11823127.782249302,11546011.769116579,0.30212925681443936,0.20212925681443938,0.49574148637112125,17538733.77932819,,0.0,,0.0,xgboost,17593410.576,11777717.78,11777717.78,0.9574148637112124,14471790.28828274,7220705.074634031,29004467.666484512,5771924.47897796,36284726.48901485,11385425.246040868,11917412.853229878,0.30212925681443936,0.20212925681443938,0.49574148637112125,17394272.325537167,,0.0,,0.0,xgboost,17495671.432400003,12154000.7,12154000.7,0.9574148637112124,14600577.540966988,14471790.288282739,1.0245770090198612,1.010677502747518,xgboost_monotone,xgboost_monotone,14922607.6767454,14617799.050023703,1.0,12572331.97,11362081.42,7
2023-W51,2023-12-18,16308027.035193827,8535966.914962197,31156603.73963325,6170193.387163227,43102656.98918217,12449090.460164616,11659464.689554645,0.30206374646928985,0.20206374646928982,0.4958725070614203,20552970.508609448,,0.0,,0.0,xgboost,20773361.547199998,11893447.48,11893447.48,0.9587250706142024,16175199.54938137,8041027.828103056,32537764.801597062,6420054.195836352,40753092.989346035,11858065.433329064,11708129.005304025,0.30206374646928985,0.20206374646928982,0.4958725070614203,20625300.49984745,,0.0,,0.0,xgboost,20868339.450799998,11940562.09,11940562.09,0.9587250706142024,16308027.035193827,16175199.54938137,0.9931914606142741,0.9888032105219099,xgboost_monotone,xgboost_monotone,16200705.978553854,16016702.44850253,1.0,14648489.45,13234172.86,7
2023-W52,2023-12-25,22762434.38611057,11874263.497452404,43634572.30919491,8568782.088382982,60466982.393394955,16972973.021001603,20416994.83323431,0.30200025166556893,0.202000251665569,0.4959994966688621,27242677.176965576,,0.0,,0.0,xgboost,27742405.0304,20826724.22911887,20826724.22911887,0.9599949666886207,22979998.59189363,11382353.217610553,46394652.61448641,9077166.468393205,58176779.70633947,18047900.26848089,20638833.70243859,0.30200025166556893,0.202000251665569,0.4959994966688621,26936476.05800007,,0.0,,0.0,xgboost,27432090.709599998,21048561.659810074,21048561.659810074,0.9599949666886207,22762434.38611057,22979998.59189363,0.9686553394236103,0.986133967788003,xgboost_monotone,xgboost_monotone,22128837.290555477,22717668.65242756,1.0,21355277.13,19298088.99,7
2024-W01,2024-01-01,15839044.972373614,8235076.372599241,30464239.463569693,5932714.108013738,42286772.04529427,13516195.451869149,13341267.704227993,0.3019387103915861,0.20193871039158612,0.49612257921682784,18269404.24151425,,0.0,,0.0,xgboost,18330504.2316,13609001.011770863,13609001.011770863,0.961225792168278,12939447.517967619,6386060.569229992,26217930.99675072,5086830.257979639,32914267.128413115,11073231.583545605,10965389.7122842,0.3019387103915861,0.20193871039158612,0.49612257921682784,14878729.381712979,,0.0,,0.0,xgboost,14807263.134,11183077.726702653,11183077.726702653,0.961225792168278,15839044.972373616,12939447.517967617,1.0181240110776717,0.9810113364202522,xgboost_monotone,xgboost_monotone,16153689.392260589,12748178.653276527,1.0,10009162.71,8941528.33,7
2024-W02,2024-01-08,16635056.281341488,8620395.600026676,32101205.42855996,6200021.409520634,44632923.28243138,14294775.365642177,14709900.494283197,0.3018790625435499,0.20187906254354987,0.4962418749129002,18841904.412917852,,0.0,,0.0,xgboost,18899086.758,15005099.601315046,15005099.601315046,0.962418749129002,13239561.037954517,6510897.139371117,26921938.063506328,5180310.109264152,33836963.471762225,10560953.063430803,12151330.722724393,0.3018790625435499,0.20187906254354987,0.4962418749129002,15311749.283498108,,0.0,,0.0,xgboost,15259819.922,12392562.373124238,12392562.373124238,0.962418749129002,16635056.281341488,13239561.037954517,0.9943063929655596,0.9995802475751698,xgboost_monotone,xgboost_monotone,16554960.542215966,13234537.661607793,1.0,13712046.3,12231407.65,7
2024-W03,2024-01-15,18023307.662050433,9309255.176917907,34894264.337006696,6684482.118348782,48596075.8209382,15243376.210701574,15682003.559441024,0.3018212498668682,0.20182124986686822,0.4963575002662636,20665692.04184487,,0.0,,0.0,xgboost,20770764.4556,15996710.885232681,15996710.885232681,0.9635750026626357,14393380.945158474,7053331.65602091,29371851.133242037,5605502.422576778,36958221.69679043,11475619.624118708,12995921.966465218,0.3018212498668682,0.20182124986686822,0.4963575002662636,16735804.06926413,,0.0,,0.0,xgboost,16751009.9872,13253920.68084266,13253920.68084266,0.9635750026626357,18023307.662050433,14393380.945158474,1.0219640063984454,1.00592961466058,xgboost_monotone,xgboost_monotone,18403748.38797896,14474163.714017272,1.0,14783223.07,13181039.4,7
2024-W04,2024-01-22,22599301.54379198,11634985.571440957,43895922.07046289,8340881.954173989,61231942.70090754,18051859.421253484,20526829.382799044,0.30176521589925426,0.20176521589925422,0.49646956820149146,26205590.350961104,,0.0,,0.0,xgboost,26494358.404,20938762.94457618,20938762.94457618,0.9646956820149143,18355523.934270192,8963474.999122264,37588686.20634807,7115516.740003685,47350776.26226583,14581469.634123964,16762722.729621584,0.30176521589925426,0.20176521589925422,0.49646956820149146,21296792.20762993,,0.0,,0.0,xgboost,21494730.5816,17095501.03691425,17095501.03691425,0.9646956820149143,22599301.54379198,18355523.934270192,0.9672452159071842,0.9894496113392971,xgboost_monotone,xgboost_monotone,21880775.528421577,18186021.86970356,1.0,19689691.77,17560940.05,7
2024-W05,2024-01-29,23971839.797789104,12301982.9049184,46711907.882013515,8804826.836620677,65265233.24393242,20918048.7908547,20200499.215414993,0.30171090591558325,0.20171090591558333,0.4965781881688334,27359186.678184155,,0.0,,0.0,xgboost,27681072.9352,20605883.96511507,20605883.96511507,0.965781881688334,18781051.81007679,9139473.9593908,38593894.84436298,7247118.814573371,48671464.862284414,14902168.50236434,16395707.802311191,0.30171090591558325,0.20171090591558333,0.4965781881688334,22106713.985307056,,0.0,,0.0,xgboost,22368004.428799994,16721200.025580907,16721200.025580907,0.965781881688334,23971839.797789104,18781051.81007679,0.9978869755022266,0.950187603255506,xgboost_monotone,xgboost_monotone,23823569.853697363,17958292.510548197,1.0,23167971.91,20669314.97,7
2024-W06,2024-02-05,20037372.388459694,10250136.29760701,39169848.207999,7324551.358155092,54815134.816666044,16375354.852153892,17958152.892109275,0.30165826687444547,0.2016582668744456,0.496683466251109,23105663.899860524,,0.0,,0.0,xgboost,23201653.582000002,18318538.110197753,18318538.110197753,0.9668346625110897,16069946.645292968,7793284.953869915,33136626.970672738,6172813.097451632,41835572.4103621,12669083.507383835,14612514.68436967,0.30165826687444547,0.2016582668744456,0.496683466251109,18727175.591019176,,0.0,,0.0,xgboost,18814126.7248,14902606.454089206,14902606.454089206,0.9668346625110897,20037372.38845969,16069946.645292968,0.9925431309761502,0.9732101109747464,xgboost_monotone,xgboost_monotone,19862489.5864754,15682487.993186608,1.0,16235898.02,14486357.54,7
2024-W07,2024-02-12,24515009.652563386,12501092.046018628,48074654.95872018,8918893.853820961,67383431.26883376,21713815.48044067,21615359.612269238,0.3016072473663438,0.20160724736634378,0.4967855052673124,27392410.283994492,,0.0,,0.0,xgboost,27599472.514,22049137.85966078,22049137.85966078,0.9678550526731239,19381425.64887339,9367194.041760355,40101619.311203144,7411303.809625921,50684690.642660856,15930618.75164744,17578190.890222684,0.3016072473663438,0.20160724736634378,0.4967855052673124,22208266.510013938,,0.0,,0.0,xgboost,22384568.4508,17927158.10181885,17927158.10181885,0.9678550526731239,24515009.652563386,19381425.64887339,0.9921922989020022,1.0040485671762023,xgboost_monotone,xgboost_monotone,24303428.18344176,19479250.894599892,1.0,21424737.86,19123888.52,7
2024-W08,2024-02-19,31430161.402744036,15977215.615694247,61828985.38881218,11381030.883378247,86798377.10713847,28026434.631937593,28623529.933237474,0.301557797563485,0.20155779756348496,0.49688440487303004,34634365.01723504,,0.0,,0.0,xgboost,35015547.7016,29197948.53516309,29197948.53516309,0.9688440487303002,24865126.4975181,11976906.42447911,51622220.29263229,9465777.992095644,65316817.19152112,20052103.740303457,23262592.267252166,0.301557797563485,0.20155779756348496,0.49688440487303004,28436194.123829484,,0.0,,0.0,xgboost,28767073.005599998,23724407.820894655,23724407.820894655,0.9688440487303002,31430161.402744036,24865126.4975181,0.970773375474044,0.9686664013832813,xgboost_monotone,xgboost_monotone,30565497.720909275,24131334.627826307,1.0,27123278.75,24204933.81,7
2024-W09,2024-02-26,32781562.427964997,16612463.11746157,64688229.06528764,11815107.045026943,90953962.06883617,31322630.823732167,27878216.83035196,0.3015098691711159,0.2015098691711159,0.4969802616577682,35654825.04454138,,0.0,,0.0,xgboost,35986946.45599999,28437678.447183322,28437678.447183322,0.9698026165776815,25674901.030688934,12325516.898394074,53482586.8895817,9730771.723258223,67743909.27650563,22702906.0933684,22453042.141076982,0.3015098691711159,0.2015098691711159,0.4969802616577682,28784324.658314567,,0.0,,0.0,xgboost,29064873.006799996,22898786.27690731,22898786.27690731,0.9698026165776815,32781562.427964997,25674901.030688934,0.9492556081354407,0.9314508344207486,xgboost_monotone,xgboost_monotone,31287909.95012458,24091444.7750538,1.0,24291441.01,21685658.72,7
2024-W10,2024-03-04,32316986.658292636,16326615.186504196,63968409.806983,11593870.311381154,90081013.63753638,27011221.897856206,27552264.6257377,0.30146341538035676,0.20146341538035678,0.4970731692392864,37465949.22213278,,0.0,,0.0,xgboost,32848474.826799996,28105185.015470035,28105185.015470035,0.9707316923928639,25615439.925886713,12256104.660180679,53536646.93861768,9665602.296593783,67885137.01914711,20386495.447359145,22365210.800027248,0.30146341538035676,0.20146341538035678,0.4970731692392864,30103989.821287505,,0.0,,0.0,xgboost,26403018.749199998,22809211.28326168,22809211.28326168,0.9707316923928639,32316986.658292636,25615439.925886713,0.9701538202917147,0.9618208987126999,xgboost_monotone,xgboost_monotone,31352576.96388941,24613739.80603727,1.0,22844765.57,20392039.77,7
2024-W11,2024-03-11,39787826.825562745,20039514.36117066,78997480.45327123,14208672.992606381,111415831.60340756,32051667.59576419,34238434.8199272,0.3014183908224856,0.20141839082248558,0.49716321835502875,46726333.429941736,,0.0,,0.0,xgboost,41049615.721599996,34925533.64761394,34925533.64761394,0.9716321835502869,32051314.73064872,15284892.408419939,67209289.41610643,12041397.879799608,85312914.07908444,24224482.011277627,27749389.599846166,0.3014183908224856,0.20141839082248558,0.49716321835502875,38539401.62385734,,0.0,,0.0,xgboost,33884586.8372,28300278.321707763,28300278.321707763,0.9716321835502869,39787826.825562745,32051314.73064872,0.9814444120252539,0.957163529122682,xgboost_monotone,xgboost_monotone,39111803.79494785,30735744.714657772,1.0,33022913.02,29485209.21,7
2024-W12,2024-03-18,41024327.005810164,20599686.62472502,81700048.00017329,14583650.523461835,115402885.9670078,31737038.49609161,35157935.843063705,0.30137475152462934,0.2013747515246293,0.49725049695074136,49028939.07579593,,0.0,,0.0,xgboost,43001396.2116,35863487.268784694,35863487.268784694,0.9725049695074133,35515170.70895595,16881369.434715707,74717121.42761812,13285071.799584325,94943206.35345098,25289463.334486946,31162169.394133247,0.30137475152462934,0.2013747515246293,0.49725049695074136,43475654.61309792,,0.0,,0.0,xgboost,38208694.8108,31780809.584621035,31780809.584621035,0.9725049695074133,41024327.005810164,35515170.70895595,1.0127687694050824,0.9313261467508476,xgboost_monotone,xgboost_monotone,41529527.62212436,33186906.54955177,1.0,36628647.11,32838970.259999998,7
2024-W13,2024-03-25,56749360.17357611,28410086.1776057,113357271.4883276,20082724.85131295,160361197.84584513,37669621.098763525,49764342.272413604,0.30133245486681776,0.20133245486681783,0.49733509026636447,71137356.42602007,,0.0,,0.0,xgboost,62683733.8776,50763015.88047458,50763015.88047458,0.9733509026636445,52447210.82290183,24848745.64958167,110698138.70044383,19534665.611835554,140811720.16496438,36411201.2428382,46051663.17185357,0.30133245486681776,0.20133245486681783,0.49733509026636447,64752398.133441225,,0.0,,0.0,xgboost,57140607.658399984,46965893.79927191,46965893.79927191,0.9733509026636445,56749360.17357611,52447210.82290183,0.9890266330530807,0.9499567273870481,xgboost_monotone,xgboost_monotone,56100281.23305629,50095137.51085973,1.0,51217060.02,45970781.9,7
2024-W14,2024-04-01,38904829.68411565,19418583.512379635,77945219.44563906,13706201.259152787,110430723.86026932,29516568.491572164,30627665.89706715,0.3012914595403595,0.20129145954035954,0.49741708091928094,47940959.46174694,,0.0,,0.0,xgboost,41813936.1436,31242303.611768056,31242303.611768056,0.9741708091928093,34580593.53844197,16331032.072833123,73223628.71766794,12825192.769585794,93239722.32238236,26228355.28893991,26715585.355489537,0.3012914595403595,0.20129145954035954,0.49741708091928094,42822403.452745914,,0.0,,0.0,xgboost,37384777.478,27245950.70343044,27245950.70343044,0.9741708091928093,38904829.68411565,34580593.53844197,1.0350942054000185,0.9889332649398069,xgboost_monotone,xgboost_monotone,41099437.290480785,35055248.54942536,1.0,37445299.18,33609580.13,7
2024-W15,2024-04-08,42348010.65295795,21074597.412635956,85095527.5526957,14852967.422650922,120740448.9846762,29174581.947091553,36352458.52913175,0.301251725507498,0.20125172550749798,0.497496548985004,52750360.878986195,,0.0,,0.0,xgboost,46062654.9248,37081981.70302286,37081981.70302286,0.9749654898500398,36550118.82103035,17205990.360287763,77642212.74741703,13498394.376249438,98968152.00596564,24215427.615060102,31831245.340398103,0.301251725507498,0.20125172550749798,0.497496548985004,45928130.48633367,,0.0,,0.0,xgboost,40100043.5624,32463168.21559288,32463168.21559288,0.9749654898500398,42348010.65295795,36550118.82103035,0.9706088969246373,0.9325540728255673,xgboost_monotone,xgboost_monotone,41140934.887526006,34195271.08504959,1.0,31959453.939999998,28671682.63,7
2024-W16,2024-04-15,49028767.06284196,24327588.743718337,98810449.31929813,17120332.366782222,140407317.37757123,30475779.85579334,40135820.735852785,0.3012132139623088,0.20121321396230885,0.49757357207538233,63856289.32555326,,0.0,,0.0,xgboost,55940220.3552,40941268.63441734,40941268.63441734,0.9757357207538233,39590533.38236659,18578141.487097625,84368520.43694709,14559960.634862421,107652096.71764377,23914326.80494905,32884158.934263684,0.3012132139623088,0.20121321396230885,0.49757357207538233,51792330.389661655,,0.0,,0.0,xgboost,45296709.91,33536984.547584224,33536984.547584224,0.9757357207538233,49028767.06284196,39590533.38236658,0.9915432225654198,0.9506377220789191,xgboost_monotone,xgboost_monotone,48643454.70759502,37733278.171059445,1.0,37682082.22,33652707.1,7
2024-W17,2024-04-22,59386738.36781111,29381147.37208127,120035634.36990859,20646467.5229349,170817822.3397465,35832752.66934071,50118306.35449421,0.3011758872928004,0.20117588729280045,0.4976482254143991,77388365.05632372,,0.0,,0.0,xgboost,67935719.6552,51124083.333580166,51124083.333580166,0.9764822541439909,47183975.29804345,22071689.77062882,100868013.25547947,17280339.575168006,128835863.64109242,26954558.09462361,40506685.48516699,0.3011758872928004,0.20117588729280045,0.4976482254143991,62126101.07831889,,0.0,,0.0,xgboost,54469488.72759999,41310835.64902851,41310835.64902851,0.9764822541439909,59386738.36781111,47183975.29804345,0.971707306544935,0.9057033433870955,xgboost_monotone,xgboost_monotone,57744420.0788122,42980944.63453678,1.0,44291081.29,39532821.39,7
2024-W18,2024-04-29,54287645.013746016,26780619.809104566,110047802.99683076,18791701.30885079,156832438.1944893,39267303.58795412,40794044.72852845,0.3011397090441806,0.20113970904418066,0.4977205819116388,68828574.89500058,,0.0,,0.0,xgboost,60285231.8264,41612701.90304563,41612701.90304563,0.9772058191163877,43315425.28381716,20198711.61078857,92888401.85527225,15798006.813626485,118763464.38646905,31462502.261686653,32375066.46159312,0.3011397090441806,0.20113970904418066,0.4977205819116388,54908127.274133615,,0.0,,0.0,xgboost,48059206.98,33017785.427321658,33017785.427321658,0.9772058191163877,54287645.013746016,43315425.28381716,1.0094217309798077,0.9592773176521527,xgboost_monotone,xgboost_monotone,54774682.79546791,41697445.80088476,1.0,47255161.26,42153742.64,7
2024-W19,2024-05-06,47825140.40515192,23524759.081475127,97227096.8535464,16483279.64869494,138761462.7626082,31836408.30593739,39840793.99302088,0.3011046438832531,0.2011046438832531,0.4977907122334938,60722067.7060364,,0.0,,0.0,xgboost,52987627.56639999,40640321.27838561,40640321.27838561,0.9779071223349376,37789000.50179671,17566943.335111164,81289528.20108178,13725870.125099868,104037740.68412986,23906437.06455793,31276426.779998187,0.3011046438832531,0.2011046438832531,0.4977907122334938,48817356.403437406,,0.0,,0.0,xgboost,42590482.6964,31897335.240389206,31897335.240389206,0.9779071223349376,47825140.40515192,37789000.50179671,0.9731185377662543,0.9096030928645334,xgboost_monotone,xgboost_monotone,46583852.77376267,34517537.540052004,1.0,30668278.86,27341459.49,7
2024-W20,2024-05-13,51397661.621392824,25209856.85334295,104789154.82589126,17638684.387920257,149768514.3311759,34071284.851901636,42776570.233438596,0.30107065756390994,0.2010706575639099,0.49785868487218016,65357269.78464019,,0.0,,0.0,xgboost,57074538.1096,43635012.84083106,43635012.84083106,0.9785868487218014,40271285.63719296,18663172.819753863,86897144.31289455,14567910.770083008,111325256.38832915,25082945.37077815,33718780.90406903,0.30107065756390994,0.2010706575639099,0.49785868487218016,52102514.469137594,,0.0,,0.0,xgboost,45499336.5364,34388175.66852456,34388175.66852456,0.9785868487218014,51397661.621392824,40271285.63719296,1.0174260020604675,0.9585794504984656,xgboost_monotone,xgboost_monotone,52244706.16441256,38680315.98871166,1.0,38304987.14,34151935.88,7
2024-W21,2024-05-20,56107884.335986,27442115.938510224,114717635.54131031,19173221.128790915,164192265.47089773,37160450.248676874,45978446.27069805,0.30103771689368497,0.201037716893685,0.49792456621263004,71652992.82415254,,0.0,,0.0,xgboost,62646586.5052,46901144.30574572,46901144.30574572,0.9792456621263003,44019015.419506244,20337556.625821028,95275638.39539367,15859214.371128494,122179675.68616657,26662386.425668076,36343329.68271088,0.30103771689368497,0.201037716893685,0.49792456621263004,57611641.21195277,,0.0,,0.0,xgboost,50382219.199599996,37064827.73098558,37064827.73098558,0.9792456621263003,56107884.33598601,44019015.419506244,0.9866811747499608,0.9089338152923739,xgboost_monotone,xgboost_monotone,55339312.5091992,40162037.54070891,1.0,39138986.54,34898315.52,7
2024-W22,2024-05-27,72675125.7313368,35444968.646092944,149010538.38405782,24729650.642634533,213576563.75476304,47723336.46809233,59289998.14858333,0.301005789701337,0.2010057897013371,0.49798842059732595,93159781.09628032,,0.0,,0.0,xgboost,81736029.7492,60479833.152306415,60479833.152306415,0.9798842059732591,58358799.735247925,26880810.58116782,126698168.54642731,20941089.986636925,162634774.1141365,37953628.13617764,48016988.42052828,0.301005789701337,0.2010057897013371,0.49798842059732595,74866891.89443141,,0.0,,0.0,xgboost,65699981.4952,48970235.24001056,48970235.24001056,0.9798842059732591,72675125.7313368,58358799.73524793,1.0124142054228813,0.9605450375541308,xgboost_monotone,xgboost_monotone,73369961.88677081,56172802.71279539,1.0,61443226.69,54793254.7,7
2024-W23,2024-06-03,46240200.087103166,22489088.6105215,95075265.87853998,15668422.341454526,136462752.78063938,31988212.57123986,38179932.13229112,0.30097484480542985,0.20097484480542988,0.4980503103891402,58105268.15110505,,0.0,,0.0,xgboost,50545406.13520001,38946129.14880861,38946129.14880861,0.980503103891402,36316483.55326164,16677319.756107109,79082668.78821085,12979562.989978315,101612584.08572572,23946140.180393178,29654415.10549679,0.30097484480542985,0.20097484480542988,0.4980503103891402,46480256.65734127,,0.0,,0.0,xgboost,40441315.721200004,30243122.93188844,30243122.93188844,0.980503103891402,46240200.087103166,36316483.55326164,0.9913281584045706,0.9183542195355858,xgboost_monotone,xgboost_monotone,45775111.18614827,33431000.600407995,1.0,30682014.65,27379482.06,7
2024-W24,2024-06-10,51460009.27915056,24958210.675568234,106102659.41306786,17364446.570265446,152503132.03746527,34443593.531306855,43157462.62431892,0.30094485198387927,0.20094485198387924,0.49811029603224144,65090236.92402524,,0.0,,0.0,xgboost,56742319.1384,44023549.00154564,44023549.00154564,0.9811029603224143,40717593.87928327,18642311.60798489,88933307.20143624,14494835.305240335,114380216.74375266,25715068.452347543,34317206.12611203,0.30094485198387927,0.20094485198387924,0.49811029603224144,52363724.88661845,,0.0,,0.0,xgboost,45661337.984799996,34998480.99713765,34998480.99713765,0.9811029603224143,51460009.27915056,40717593.87928327,1.0055424931193115,0.949318839813557,xgboost_monotone,xgboost_monotone,51658151.07998568,38733196.56534587,1.0,35372815.0,31566254.13,7
2024-W25,2024-06-17,51997669.43312991,25149353.444209866,107508036.09376642,17473197.39211774,154737424.27252904,35310808.98985329,42540046.28591476,0.3009157819444367,0.2009157819444367,0.4981684361111266,65891615.5499827,,0.0,,0.0,xgboost,57447464.7008,43393742.31748043,43393742.31748043,0.9816843611112658,41530192.32815729,18957686.850753106,90979287.79579076,14725882.475633573,117124174.31539065,25623463.9373639,34007202.58149525,0.3009157819444367,0.2009157819444367,0.4981684361111266,54172649.22199196,,0.0,,0.0,xgboost,47257851.980000004,34682323.174573526,34682323.174573526,0.9816843611112658,51997669.43312991,41530192.32815729,1.0322577107493252,0.9335420101201013,xgboost_monotone,xgboost_monotone,53583388.4742315,38842479.91874113,1.0,36102678.2,32232776.369999997,7
2024-W26,2024-06-24,58721784.22953033,28323656.609428193,121744446.98383902,19651551.093237154,175469501.0618636,39993237.58937097,49047048.57525692,0.3008876062960814,0.20088760629608138,0.49822478740783716,73933235.45925932,,0.0,,0.0,xgboost,64577994.13119999,50031327.4932272,50031327.4932272,0.9822478740783714,53620126.441066355,24404020.190113883,117813290.68657334,18938366.956745557,151814457.00202283,35822160.674294695,44968666.05309348,0.3008876062960814,0.20088760629608138,0.49822478740783716,67856990.33078375,,0.0,,0.0,xgboost,59377379.216000006,45861396.7157509,45861396.7157509,0.9822478740783714,58721784.22953033,53620126.441066355,1.0231701236485626,0.9443793785091471,xgboost_monotone,xgboost_monotone,60011825.56861882,50902276.6657178,1.0,40942283.8,36842808.53,7
2024-W27,2024-07-01,33509395.17016264,16118752.01757562,69662933.25208127,11168239.004838578,100542217.93534037,26211251.764102224,26156133.398213513,0.30086029752129256,0.20086029752129247,0.4982794049574149,40880159.25799391,,0.0,,0.0,xgboost,35377082.9976,26681036.148273535,26681036.148273535,0.9827940495741486,30412114.475880235,13800680.977601117,67018191.957377754,10699647.756324587,86441786.83640617,22348329.802266084,23259904.624375995,0.30086029752129256,0.20086029752129247,0.4982794049574149,38164125.93035561,,0.0,,0.0,xgboost,33111875.0936,23721666.822172813,23721666.822172813,0.9827940495741486,33509395.170162644,30412114.475880235,0.9850830940372409,0.9659341025017453,xgboost_monotone,xgboost_monotone,33815575.34210077,30021507.75947027,0.0,6100461.57,5504018.57,1
